competition,season,round,date,kickoff_time,home_team,away_team,home_score,away_score,ht_home_score,ht_away_score,winner,home_goals_minutes,away_goals_minutes,home_shots,away_shots,home_shots_on_target,away_shots_on_target,home_xg,away_xg,home_corners,away_corners,home_yellow_cards,away_yellow_cards,home_red_cards,away_red_cards,home_possession,away_possession,source_name,source_url,secondary_source_url,collected_at,confidence
Brasileirão Série B,2026,1,2026-03-21,16:00,Ceará,São Bernardo,1,1,1,0,DRAW,7(PEN),55,21,4,,,,,7,3,2,0,0,0,53,47,BeSoccer (FULL_TIME) + Wikipedia (rodada/calendário),https://es.besoccer.com/partido/ceara/sao-bernardo-fc/2026271332,,2026-09-10T14:51:00-03:00,MEDIUM
Brasileirão Série B,2026,1,2026-03-21,17:00,Vila Nova,CRB,2,2,,,DRAW,,,,,,,,,,,,,,,,,"Wikipedia (resultados por rodada, com links BeSoccer)",https://es.wikipedia.org/wiki/Campeonato_Brasile%C3%B1o_de_F%C3%BAtbol_Serie_B_2026,,2026-09-10T14:51:00-03:00,MEDIUM
Brasileirão Série B,2026,1,2026-03-21,18:15,Operário-PR,Atlético-GO,1,0,,,Operário-PR,,,17,9,,,,,7,7,2,2,,,41,59,BeSoccer (FULL_TIME) + Wikipedia (rodada/calendário),https://es.besoccer.com/partido/operario-pr/atletico-go/2026271337,,2026-09-10T14:51:00-03:00,MEDIUM
Brasileirão Série B,2026,1,2026-03-21,19:15,Botafogo-SP,Fortaleza,4,0,,,Botafogo-SP,,,,,,,,,,,,,,,,,"Wikipedia (resultados por rodada, com links BeSoccer)",https://es.wikipedia.org/wiki/Campeonato_Brasile%C3%B1o_de_F%C3%BAtbol_Serie_B_2026,,2026-09-10T14:51:00-03:00,MEDIUM
Brasileirão Série B,2026,1,2026-03-21,20:30,Cuiabá,Sport,0,0,,,DRAW,,,13,10,,,,,0,1,1,2,0,0,41,59,BeSoccer (FULL_TIME) + Wikipedia (rodada/calendário),https://es.besoccer.com/partido/cuiaba/sport-recife/2026271333,,2026-09-10T14:51:00-03:00,MEDIUM
Brasileirão Série B,2026,1,2026-03-22,16:00,Avaí,Juventude,2,0,,,Avaí,,,16,8,,,,,3,3,3,0,0,0,41,59,BeSoccer (FULL_TIME) + Wikipedia (rodada/calendário),https://es.besoccer.com/partido/avai/juventude-caxias-do-sul/2026271330,,2026-09-10T14:51:00-03:00,MEDIUM
Brasileirão Série B,2026,1,2026-03-22,,Náutico,Criciúma,0,1,,,Criciúma,,,,,,,,,,,,,,,,,"Wikipedia (resultados por rodada, com links BeSoccer)",https://es.wikipedia.org/wiki/Campeonato_Brasile%C3%B1o_de_F%C3%BAtbol_Serie_B_2026,,2026-09-10T14:51:00-03:00,MEDIUM
Brasileirão Série B,2026,1,2026-03-22,18:00,Athletic Club,Ponte Preta,2,1,,,Athletic Club,,,17,10,,,,,3,3,3,3,,,43,57,BeSoccer (FULL_TIME) + Wikipedia (rodada/calendário),https://es.besoccer.com/partido/athletic-club-minas-gerais/ponte-preta/2026271329,,2026-09-10T14:51:00-03:00,MEDIUM
Brasileirão Série B,2026,1,2026-03-22,,Goiás,América-MG,3,1,,,Goiás,,,9,24,,,,,3,8,1,1,,,33,67,BeSoccer (FULL_TIME) + Wikipedia (rodada/calendário),https://es.besoccer.com/partido/goias-goiania/america-mineiro/2026271334,,2026-09-10T14:51:00-03:00,MEDIUM
Brasileirão Série B,2026,1,2026-03-22,20:00,Novorizontino,Londrina,1,3,,,Londrina,,,24,11,,,,,9,7,0,3,0,0,56,44,BeSoccer (FULL_TIME) + Wikipedia (rodada/calendário),https://es.besoccer.com/partido/novorizontino/londrina/2026271335,,2026-09-10T14:51:00-03:00,MEDIUM
Brasileirão Série B,2026,2,2026-03-31,18:30,Juventude,Novorizontino,0,0,,,DRAW,,,,,,,,,,,,,,,,,"Wikipedia (resultados por rodada, com links BeSoccer)",https://es.wikipedia.org/wiki/Campeonato_Brasile%C3%B1o_de_F%C3%BAtbol_Serie_B_2026,,2026-09-10T14:51:00-03:00,MEDIUM
Brasileirão Série B,2026,2,2026-03-31,19:00,Fortaleza,Cuiabá,0,0,0,0,DRAW,,,15,4,2,0,0.54,0.06,,,,,,,59,41,"Wikipedia (resultados por rodada, com links BeSoccer)",https://es.wikipedia.org/wiki/Campeonato_Brasile%C3%B1o_de_F%C3%BAtbol_Serie_B_2026,,2026-09-10T14:51:00-03:00,MEDIUM
Brasileirão Série B,2026,2,2026-04-01,18:00,América-MG,Botafogo-SP,1,2,,,Botafogo-SP,,,,,,,,,,,,,,,,,"Wikipedia (resultados por rodada, com links BeSoccer)",https://es.wikipedia.org/wiki/Campeonato_Brasile%C3%B1o_de_F%C3%BAtbol_Serie_B_2026,,2026-09-10T14:51:00-03:00,MEDIUM
Brasileirão Série B,2026,2,2026-04-01,19:00,Atlético-GO,Náutico,1,2,1,0,Náutico,41,78|82,11,9,2,4,1.47,0.82,,,,,,,49,51,"Wikipedia (resultados por rodada, com links BeSoccer)",https://es.wikipedia.org/wiki/Campeonato_Brasile%C3%B1o_de_F%C3%BAtbol_Serie_B_2026,,2026-09-10T14:51:00-03:00,MEDIUM
Brasileirão Série B,2026,2,2026-04-01,,Londrina,Goiás,2,2,1,1,DRAW,33|59,38|90,8,14,5,3,1.61,1.88,,,,,,,41,59,"Wikipedia (resultados por rodada, com links BeSoccer)",https://es.wikipedia.org/wiki/Campeonato_Brasile%C3%B1o_de_F%C3%BAtbol_Serie_B_2026,,2026-09-10T14:51:00-03:00,MEDIUM
Brasileirão Série B,2026,2,2026-04-01,,Sport,Vila Nova,1,1,,,DRAW,,,,,,,,,,,,,,,,,"Wikipedia (resultados por rodada, com links BeSoccer)",https://es.wikipedia.org/wiki/Campeonato_Brasile%C3%B1o_de_F%C3%BAtbol_Serie_B_2026,,2026-09-10T14:51:00-03:00,MEDIUM
Brasileirão Série B,2026,2,2026-04-01,21:00,Ponte Preta,Ceará,1,1,,,DRAW,,,,,,,,,,,,,,,,,"Wikipedia (resultados por rodada, com links BeSoccer)",https://es.wikipedia.org/wiki/Campeonato_Brasile%C3%B1o_de_F%C3%BAtbol_Serie_B_2026,,2026-09-10T14:51:00-03:00,MEDIUM
Brasileirão Série B,2026,2,2026-04-01,21:30,CRB,Avaí,0,1,,,Avaí,,,,,,,,,,,,,,,,,"Wikipedia (resultados por rodada, com links BeSoccer)",https://es.wikipedia.org/wiki/Campeonato_Brasile%C3%B1o_de_F%C3%BAtbol_Serie_B_2026,,2026-09-10T14:51:00-03:00,MEDIUM
Brasileirão Série B,2026,2,2026-04-01,,Criciúma,Athletic Club,1,1,,,DRAW,,,,,,,,,,,,,,,,,"Wikipedia (resultados por rodada, com links BeSoccer)",https://es.wikipedia.org/wiki/Campeonato_Brasile%C3%B1o_de_F%C3%BAtbol_Serie_B_2026,,2026-09-10T14:51:00-03:00,MEDIUM
Brasileirão Série B,2026,2,2026-04-02,19:00,São Bernardo,Operário-PR,1,2,,,Operário-PR,,,,,,,,,,,,,,,,,"Wikipedia (resultados por rodada, com links BeSoccer)",https://es.wikipedia.org/wiki/Campeonato_Brasile%C3%B1o_de_F%C3%BAtbol_Serie_B_2026,,2026-09-10T14:51:00-03:00,MEDIUM
Brasileirão Série B,2026,3,2026-04-04,16:00,Fortaleza,Juventude,2,1,,,Fortaleza,,,,,,,,,,,,,,,,,"Wikipedia (resultados por rodada, com links BeSoccer)",https://es.wikipedia.org/wiki/Campeonato_Brasile%C3%B1o_de_F%C3%BAtbol_Serie_B_2026,,2026-09-10T14:51:00-03:00,MEDIUM
Brasileirão Série B,2026,3,2026-04-04,18:00,Cuiabá,Ceará,0,2,,,Ceará,,,,,,,,,,,,,,,,,"Wikipedia (resultados por rodada, com links BeSoccer)",https://es.wikipedia.org/wiki/Campeonato_Brasile%C3%B1o_de_F%C3%BAtbol_Serie_B_2026,,2026-09-10T14:51:00-03:00,MEDIUM
Brasileirão Série B,2026,3,2026-04-04,,Náutico,Ponte Preta,1,0,,,Náutico,,,,,,,,,,,,,,,,,"Wikipedia (resultados por rodada, com links BeSoccer)",https://es.wikipedia.org/wiki/Campeonato_Brasile%C3%B1o_de_F%C3%BAtbol_Serie_B_2026,,2026-09-10T14:51:00-03:00,MEDIUM
Brasileirão Série B,2026,3,2026-04-04,20:00,Vila Nova,Atlético-GO,2,1,1,0,Vila Nova,33|88,65(PEN),17,10,5,4,2.2,1.41,,,,,,,58,42,"Wikipedia (resultados por rodada, com links BeSoccer)",https://es.wikipedia.org/wiki/Campeonato_Brasile%C3%B1o_de_F%C3%BAtbol_Serie_B_2026,,2026-09-10T14:51:00-03:00,MEDIUM
Brasileirão Série B,2026,3,2026-04-04,20:30,Londrina,Sport,1,2,1,0,Sport,22,67(PEN)|87,13,16,3,4,0.85,2.23,,,,,,,38,62,"Wikipedia (resultados por rodada, com links BeSoccer)",https://es.wikipedia.org/wiki/Campeonato_Brasile%C3%B1o_de_F%C3%BAtbol_Serie_B_2026,,2026-09-10T14:51:00-03:00,MEDIUM
Brasileirão Série B,2026,3,2026-04-05,16:00,Avaí,Operário-PR,0,0,,,DRAW,,,,,,,,,,,,,,,,,"Wikipedia (resultados por rodada, com links BeSoccer)",https://es.wikipedia.org/wiki/Campeonato_Brasile%C3%B1o_de_F%C3%BAtbol_Serie_B_2026,,2026-09-10T14:51:00-03:00,MEDIUM
Brasileirão Série B,2026,3,2026-04-05,18:00,Novorizontino,CRB,1,1,,,DRAW,,,,,,,,,,,,,,,,,"Wikipedia (resultados por rodada, com links BeSoccer)",https://es.wikipedia.org/wiki/Campeonato_Brasile%C3%B1o_de_F%C3%BAtbol_Serie_B_2026,,2026-09-10T14:51:00-03:00,MEDIUM
Brasileirão Série B,2026,3,2026-04-05,20:00,Athletic Club,América-MG,1,1,,,DRAW,,,,,,,,,,,,,,,,,"Wikipedia (resultados por rodada, com links BeSoccer)",https://es.wikipedia.org/wiki/Campeonato_Brasile%C3%B1o_de_F%C3%BAtbol_Serie_B_2026,,2026-09-10T14:51:00-03:00,MEDIUM
Brasileirão Série B,2026,3,2026-04-05,20:30,Botafogo-SP,São Bernardo,1,2,1,0,São Bernardo,4,49|90,16,13,4,6,1.22,1.62,,,,,,,48,52,"Wikipedia (resultados por rodada, com links BeSoccer)",https://es.wikipedia.org/wiki/Campeonato_Brasile%C3%B1o_de_F%C3%BAtbol_Serie_B_2026,,2026-09-10T14:51:00-03:00,MEDIUM
Brasileirão Série B,2026,3,2026-04-06,21:00,Goiás,Criciúma,1,0,,,Goiás,,,,,,,,,,,,,,,,,"Wikipedia (resultados por rodada, com links BeSoccer)",https://es.wikipedia.org/wiki/Campeonato_Brasile%C3%B1o_de_F%C3%BAtbol_Serie_B_2026,,2026-09-10T14:51:00-03:00,MEDIUM
Brasileirão Série B,2026,4,2026-04-10,20:30,Criciúma,Botafogo-SP,1,0,,,Criciúma,,,,,,,,,,,,,,,,,"Wikipedia (resultados por rodada, com links BeSoccer)",https://es.wikipedia.org/wiki/Campeonato_Brasile%C3%B1o_de_F%C3%BAtbol_Serie_B_2026,,2026-09-10T14:51:00-03:00,MEDIUM
Brasileirão Série B,2026,4,2026-04-11,16:00,Juventude,Goiás,2,0,,,Juventude,,,,,,,,,,,,,,,,,"Wikipedia (resultados por rodada, com links BeSoccer)",https://es.wikipedia.org/wiki/Campeonato_Brasile%C3%B1o_de_F%C3%BAtbol_Serie_B_2026,,2026-09-10T14:51:00-03:00,MEDIUM
Brasileirão Série B,2026,4,2026-04-11,18:00,Ponte Preta,Vila Nova,0,1,,,Vila Nova,,,,,,,,,,,,,,,,,"Wikipedia (resultados por rodada, com links BeSoccer)",https://es.wikipedia.org/wiki/Campeonato_Brasile%C3%B1o_de_F%C3%BAtbol_Serie_B_2026,,2026-09-10T14:51:00-03:00,MEDIUM
Brasileirão Série B,2026,4,2026-04-11,,Sport,Avaí,2,2,,,DRAW,,,21,16,10,4,3.24,1.79,,,,,,,59,41,"Wikipedia (resultados por rodada, com links BeSoccer)",https://es.wikipedia.org/wiki/Campeonato_Brasile%C3%B1o_de_F%C3%BAtbol_Serie_B_2026,,2026-09-10T14:51:00-03:00,MEDIUM
Brasileirão Série B,2026,4,2026-04-11,20:30,Ceará,Náutico,1,0,,,Ceará,,,,,,,,,,,,,,,,,"Wikipedia (resultados por rodada, com links BeSoccer)",https://es.wikipedia.org/wiki/Campeonato_Brasile%C3%B1o_de_F%C3%BAtbol_Serie_B_2026,,2026-09-10T14:51:00-03:00,MEDIUM
Brasileirão Série B,2026,4,2026-04-12,16:00,São Bernardo,Fortaleza,0,1,0,0,Fortaleza,,87,15,17,2,6,1.07,1.46,,,,,,,49,51,"Wikipedia (resultados por rodada, com links BeSoccer)",https://es.wikipedia.org/wiki/Campeonato_Brasile%C3%B1o_de_F%C3%BAtbol_Serie_B_2026,,2026-09-10T14:51:00-03:00,MEDIUM
Brasileirão Série B,2026,4,2026-04-12,18:00,América-MG,Novorizontino,0,3,,,Novorizontino,,,,,,,,,,,,,,,,,"Wikipedia (resultados por rodada, com links BeSoccer)",https://es.wikipedia.org/wiki/Campeonato_Brasile%C3%B1o_de_F%C3%BAtbol_Serie_B_2026,,2026-09-10T14:51:00-03:00,MEDIUM
Brasileirão Série B,2026,4,2026-04-12,,Operário-PR,Cuiabá,0,0,,,DRAW,,,,,,,,,,,,,,,,,"Wikipedia (resultados por rodada, com links BeSoccer)",https://es.wikipedia.org/wiki/Campeonato_Brasile%C3%B1o_de_F%C3%BAtbol_Serie_B_2026,,2026-09-10T14:51:00-03:00,MEDIUM
Brasileirão Série B,2026,4,2026-04-12,20:00,CRB,Athletic Club,2,3,,,Athletic Club,,,11,12,6,5,1.53,1.67,,,,,,,49,51,"Wikipedia (resultados por rodada, com links BeSoccer)",https://es.wikipedia.org/wiki/Campeonato_Brasile%C3%B1o_de_F%C3%BAtbol_Serie_B_2026,,2026-09-10T14:51:00-03:00,MEDIUM
Brasileirão Série B,2026,4,2026-04-12,20:30,Atlético-GO,Londrina,2,1,,,Atlético-GO,,,,,,,,,,,,,,,,,"Wikipedia (resultados por rodada, com links BeSoccer)",https://es.wikipedia.org/wiki/Campeonato_Brasile%C3%B1o_de_F%C3%BAtbol_Serie_B_2026,,2026-09-10T14:51:00-03:00,MEDIUM
Brasileirão Série B,2026,5,2026-04-18,18:00,América-MG,Sport,0,0,,,DRAW,,,,,,,,,,,,,,,,,"Wikipedia (resultados por rodada, com links BeSoccer)",https://es.wikipedia.org/wiki/Campeonato_Brasile%C3%B1o_de_F%C3%BAtbol_Serie_B_2026,,2026-09-10T14:51:00-03:00,MEDIUM
Brasileirão Série B,2026,5,2026-04-18,,Náutico,São Bernardo,0,3,,,São Bernardo,,,,,,,,,,,,,,,,,"Wikipedia (resultados por rodada, com links BeSoccer)",https://es.wikipedia.org/wiki/Campeonato_Brasile%C3%B1o_de_F%C3%BAtbol_Serie_B_2026,,2026-09-10T14:51:00-03:00,MEDIUM
Brasileirão Série B,2026,5,2026-04-18,18:30,Vila Nova,Operário-PR,2,1,,,Vila Nova,,,,,,,,,,,,,,,,,"Wikipedia (resultados por rodada, com links BeSoccer)",https://es.wikipedia.org/wiki/Campeonato_Brasile%C3%B1o_de_F%C3%BAtbol_Serie_B_2026,,2026-09-10T14:51:00-03:00,MEDIUM
Brasileirão Série B,2026,5,2026-04-18,20:30,Avaí,Ponte Preta,1,2,,,Ponte Preta,,,,,,,,,,,,,,,,,"Wikipedia (resultados por rodada, com links BeSoccer)",https://es.wikipedia.org/wiki/Campeonato_Brasile%C3%B1o_de_F%C3%BAtbol_Serie_B_2026,,2026-09-10T14:51:00-03:00,MEDIUM
Brasileirão Série B,2026,5,2026-04-18,20:45,CRB,Juventude,0,1,,,Juventude,,,,,,,,,,,,,,,,,"Wikipedia (resultados por rodada, com links BeSoccer)",https://es.wikipedia.org/wiki/Campeonato_Brasile%C3%B1o_de_F%C3%BAtbol_Serie_B_2026,,2026-09-10T14:51:00-03:00,MEDIUM
Brasileirão Série B,2026,5,2026-04-19,16:00,Botafogo-SP,Atlético-GO,1,1,,,DRAW,,,,,,,,,,,,,,,,,"Wikipedia (resultados por rodada, com links BeSoccer)",https://es.wikipedia.org/wiki/Campeonato_Brasile%C3%B1o_de_F%C3%BAtbol_Serie_B_2026,,2026-09-10T14:51:00-03:00,MEDIUM
Brasileirão Série B,2026,5,2026-04-19,,Londrina,Ceará,0,0,,,DRAW,,,,,,,,,,,,,,,,,"Wikipedia (resultados por rodada, com links BeSoccer)",https://es.wikipedia.org/wiki/Campeonato_Brasile%C3%B1o_de_F%C3%BAtbol_Serie_B_2026,,2026-09-10T14:51:00-03:00,MEDIUM
Brasileirão Série B,2026,5,2026-04-19,18:00,Goiás,Cuiabá,0,2,,,Cuiabá,,,,,,,,,,,,,,,,,"Wikipedia (resultados por rodada, com links BeSoccer)",https://es.wikipedia.org/wiki/Campeonato_Brasile%C3%B1o_de_F%C3%BAtbol_Serie_B_2026,,2026-09-10T14:51:00-03:00,MEDIUM
Brasileirão Série B,2026,5,2026-04-19,20:00,Fortaleza,Criciúma,3,2,,,Fortaleza,,,14,6,4,3,0.55,0.92,,,,,,,45,55,"Wikipedia (resultados por rodada, com links BeSoccer)",https://es.wikipedia.org/wiki/Campeonato_Brasile%C3%B1o_de_F%C3%BAtbol_Serie_B_2026,,2026-09-10T14:51:00-03:00,MEDIUM
Brasileirão Série B,2026,5,2026-04-19,,Novorizontino,Athletic Club,2,1,,,Novorizontino,,,,,,,,,,,,,,,,,"Wikipedia (resultados por rodada, com links BeSoccer)",https://es.wikipedia.org/wiki/Campeonato_Brasile%C3%B1o_de_F%C3%BAtbol_Serie_B_2026,,2026-09-10T14:51:00-03:00,MEDIUM
Brasileirão Série B,2026,6,2026-04-22,21:30,Cuiabá,Botafogo-SP,1,1,,,DRAW,,,,,,,,,,,,,,,,,"Wikipedia (resultados por rodada, com links BeSoccer)",https://es.wikipedia.org/wiki/Campeonato_Brasile%C3%B1o_de_F%C3%BAtbol_Serie_B_2026,,2026-09-10T14:51:00-03:00,MEDIUM
Brasileirão Série B,2026,6,2026-04-24,20:00,Ponte Preta,América-MG,1,0,,,Ponte Preta,,,,,,,,,,,,,,,,,"Wikipedia (resultados por rodada, com links BeSoccer)",https://es.wikipedia.org/wiki/Campeonato_Brasile%C3%B1o_de_F%C3%BAtbol_Serie_B_2026,,2026-09-10T14:51:00-03:00,MEDIUM
Brasileirão Série B,2026,6,2026-04-25,20:30,Sport,Novorizontino,1,0,,,Sport,,,,,,,,,,,,,,,,,"Wikipedia (resultados por rodada, com links BeSoccer)",https://es.wikipedia.org/wiki/Campeonato_Brasile%C3%B1o_de_F%C3%BAtbol_Serie_B_2026,,2026-09-10T14:51:00-03:00,MEDIUM
Brasileirão Série B,2026,6,2026-04-25,21:00,Juventude,Londrina,1,0,,,Juventude,,,,,,,,,,,,,,,,,"Wikipedia (resultados por rodada, com links BeSoccer)",https://es.wikipedia.org/wiki/Campeonato_Brasile%C3%B1o_de_F%C3%BAtbol_Serie_B_2026,,2026-09-10T14:51:00-03:00,MEDIUM
Brasileirão Série B,2026,6,2026-04-26,16:00,São Bernardo,Goiás,1,0,,,São Bernardo,,,,,,,,,,,,,,,,,"Wikipedia (resultados por rodada, com links BeSoccer)",https://es.wikipedia.org/wiki/Campeonato_Brasile%C3%B1o_de_F%C3%BAtbol_Serie_B_2026,,2026-09-10T14:51:00-03:00,MEDIUM
Brasileirão Série B,2026,6,2026-04-26,18:00,Ceará,Vila Nova,3,3,,,DRAW,,,,,,,,,,,,,,,,,"Wikipedia (resultados por rodada, com links BeSoccer)",https://es.wikipedia.org/wiki/Campeonato_Brasile%C3%B1o_de_F%C3%BAtbol_Serie_B_2026,,2026-09-10T14:51:00-03:00,MEDIUM
Brasileirão Série B,2026,6,2026-04-26,,Operário-PR,Fortaleza,0,0,0,0,DRAW,,,21,12,3,2,0.85,0.56,,,,,,,64,36,"Wikipedia (resultados por rodada, com links BeSoccer)",https://es.wikipedia.org/wiki/Campeonato_Brasile%C3%B1o_de_F%C3%BAtbol_Serie_B_2026,,2026-09-10T14:51:00-03:00,MEDIUM
Brasileirão Série B,2026,6,2026-04-26,20:30,Atlético-GO,Avaí,2,1,,,Atlético-GO,,,,,,,,,,,,,,,,,"Wikipedia (resultados por rodada, com links BeSoccer)",https://es.wikipedia.org/wiki/Campeonato_Brasile%C3%B1o_de_F%C3%BAtbol_Serie_B_2026,,2026-09-10T14:51:00-03:00,MEDIUM
Brasileirão Série B,2026,6,2026-04-26,,Criciúma,CRB,3,1,,,Criciúma,,,,,,,,,,,,,,,,,"Wikipedia (resultados por rodada, com links BeSoccer)",https://es.wikipedia.org/wiki/Campeonato_Brasile%C3%B1o_de_F%C3%BAtbol_Serie_B_2026,,2026-09-10T14:51:00-03:00,MEDIUM
Brasileirão Série B,2026,6,2026-04-27,19:00,Athletic Club,Náutico,0,1,,,Náutico,,,,,,,,,,,,,,,,,"Wikipedia (resultados por rodada, com links BeSoccer)",https://es.wikipedia.org/wiki/Campeonato_Brasile%C3%B1o_de_F%C3%BAtbol_Serie_B_2026,,2026-09-10T14:51:00-03:00,MEDIUM
Brasileirão Série B,2026,7,2026-05-02,16:00,Botafogo-SP,Náutico,1,1,1,0,DRAW,42,58,10,14,7,3,1.3,0.99,,,,,,,47,53,"Wikipedia (resultados por rodada, com links BeSoccer)",https://es.wikipedia.org/wiki/Campeonato_Brasile%C3%B1o_de_F%C3%BAtbol_Serie_B_2026,,2026-09-10T14:51:00-03:00,MEDIUM
Brasileirão Série B,2026,7,2026-05-02,18:30,Cuiabá,Criciúma,1,1,,,DRAW,,,,,,,,,,,,,,,,,"Wikipedia (resultados por rodada, com links BeSoccer)",https://es.wikipedia.org/wiki/Campeonato_Brasile%C3%B1o_de_F%C3%BAtbol_Serie_B_2026,,2026-09-10T14:51:00-03:00,MEDIUM
Brasileirão Série B,2026,7,2026-05-02,20:30,Fortaleza,Goiás,4,1,,,Fortaleza,,,17,10,9,4,1.65,0.79,,,,,,,43,57,"Wikipedia (resultados por rodada, com links BeSoccer)",https://es.wikipedia.org/wiki/Campeonato_Brasile%C3%B1o_de_F%C3%BAtbol_Serie_B_2026,,2026-09-10T14:51:00-03:00,MEDIUM
Brasileirão Série B,2026,7,2026-05-03,16:00,Operário-PR,Londrina,3,0,2,0,Operário-PR,5|29|60,,14,10,5,3,1.5,0.4,,,2,5,,,55,45,"Wikipedia (resultados por rodada, com links BeSoccer)",https://es.wikipedia.org/wiki/Campeonato_Brasile%C3%B1o_de_F%C3%BAtbol_Serie_B_2026,,2026-09-10T14:51:00-03:00,MEDIUM
Brasileirão Série B,2026,7,2026-05-03,,São Bernardo,Ponte Preta,3,0,,,São Bernardo,,,,,,,1.69,0.56,,,,,,,,,"Wikipedia (resultados por rodada, com links BeSoccer)",https://es.wikipedia.org/wiki/Campeonato_Brasile%C3%B1o_de_F%C3%BAtbol_Serie_B_2026,,2026-09-10T14:51:00-03:00,MEDIUM
Brasileirão Série B,2026,7,2026-05-03,18:00,Sport,Ceará,2,0,,,Sport,,,16,10,5,1,1.99,0.53,,,,,,,45,55,"Wikipedia (resultados por rodada, com links BeSoccer)",https://es.wikipedia.org/wiki/Campeonato_Brasile%C3%B1o_de_F%C3%BAtbol_Serie_B_2026,,2026-09-10T14:51:00-03:00,MEDIUM
Brasileirão Série B,2026,7,2026-05-03,18:30,Atlético-GO,Juventude,0,0,,,DRAW,,,,,,,,,,,,,,,,,"Wikipedia (resultados por rodada, com links BeSoccer)",https://es.wikipedia.org/wiki/Campeonato_Brasile%C3%B1o_de_F%C3%BAtbol_Serie_B_2026,,2026-09-10T14:51:00-03:00,MEDIUM
Brasileirão Série B,2026,7,2026-05-03,20:30,América-MG,CRB,1,2,,,CRB,,,9,16,4,8,0.84,1.59,,,,,,,44,56,"Wikipedia (resultados por rodada, com links BeSoccer)",https://es.wikipedia.org/wiki/Campeonato_Brasile%C3%B1o_de_F%C3%BAtbol_Serie_B_2026,,2026-09-10T14:51:00-03:00,MEDIUM
Brasileirão Série B,2026,7,2026-05-03,,Avaí,Novorizontino,3,3,,,DRAW,,,,,,,,,,,,,,,,,"Wikipedia (resultados por rodada, com links BeSoccer)",https://es.wikipedia.org/wiki/Campeonato_Brasile%C3%B1o_de_F%C3%BAtbol_Serie_B_2026,,2026-09-10T14:51:00-03:00,MEDIUM
Brasileirão Série B,2026,7,2026-05-04,19:00,Vila Nova,Athletic Club,1,1,,,DRAW,,,,,,,,,,,,,,,,,"Wikipedia (resultados por rodada, com links BeSoccer)",https://es.wikipedia.org/wiki/Campeonato_Brasile%C3%B1o_de_F%C3%BAtbol_Serie_B_2026,,2026-09-10T14:51:00-03:00,MEDIUM
Brasileirão Série B,2026,8,2026-05-09,16:00,Goiás,Vila Nova,1,0,,,Goiás,,,,,,,,,,,,,,,,,"Wikipedia (resultados por rodada, com links BeSoccer)",https://es.wikipedia.org/wiki/Campeonato_Brasile%C3%B1o_de_F%C3%BAtbol_Serie_B_2026,,2026-09-10T14:51:00-03:00,MEDIUM
Brasileirão Série B,2026,8,2026-05-09,18:00,Athletic Club,Cuiabá,0,0,,,DRAW,,,,,,,,,,,,,,,,,"Wikipedia (resultados por rodada, com links BeSoccer)",https://es.wikipedia.org/wiki/Campeonato_Brasile%C3%B1o_de_F%C3%BAtbol_Serie_B_2026,,2026-09-10T14:51:00-03:00,MEDIUM
Brasileirão Série B,2026,8,2026-05-09,18:30,Ponte Preta,Sport,1,3,,,Sport,,,,,,,,,,,,,,,,,"Wikipedia (resultados por rodada, com links BeSoccer)",https://es.wikipedia.org/wiki/Campeonato_Brasile%C3%B1o_de_F%C3%BAtbol_Serie_B_2026,,2026-09-10T14:51:00-03:00,MEDIUM
Brasileirão Série B,2026,8,2026-05-09,19:00,Ceará,Atlético-GO,0,1,,,Atlético-GO,,,,,,,,,,,,,,,,,"Wikipedia (resultados por rodada, com links BeSoccer)",https://es.wikipedia.org/wiki/Campeonato_Brasile%C3%B1o_de_F%C3%BAtbol_Serie_B_2026,,2026-09-10T14:51:00-03:00,MEDIUM
Brasileirão Série B,2026,8,2026-05-09,20:30,CRB,Operário-PR,3,0,,,CRB,,,,,,,,,,,,,,,,,"Wikipedia (resultados por rodada, com links BeSoccer)",https://es.wikipedia.org/wiki/Campeonato_Brasile%C3%B1o_de_F%C3%BAtbol_Serie_B_2026,,2026-09-10T14:51:00-03:00,MEDIUM
Brasileirão Série B,2026,8,2026-05-09,21:15,Juventude,Criciúma,0,0,,,DRAW,,,,,,,,,,,,,,,,,"Wikipedia (resultados por rodada, com links BeSoccer)",https://es.wikipedia.org/wiki/Campeonato_Brasile%C3%B1o_de_F%C3%BAtbol_Serie_B_2026,,2026-09-10T14:51:00-03:00,MEDIUM
Brasileirão Série B,2026,8,2026-05-10,16:00,Náutico,América-MG,4,0,2,0,Náutico,,,18,5,6,0,1.24,0.17,,,,,,1,59,41,"Wikipedia (resultados por rodada, com links BeSoccer)",https://es.wikipedia.org/wiki/Campeonato_Brasile%C3%B1o_de_F%C3%BAtbol_Serie_B_2026,,2026-09-10T14:51:00-03:00,MEDIUM
Brasileirão Série B,2026,8,2026-05-10,18:30,Avaí,Fortaleza,0,0,,,DRAW,,,,,,,,,,,,,,,,,"Wikipedia (resultados por rodada, com links BeSoccer)",https://es.wikipedia.org/wiki/Campeonato_Brasile%C3%B1o_de_F%C3%BAtbol_Serie_B_2026,,2026-09-10T14:51:00-03:00,MEDIUM
Brasileirão Série B,2026,8,2026-05-10,19:30,Novorizontino,Botafogo-SP,1,0,0,0,Novorizontino,57,,9,6,3,1,1.04,0.2,,,,,,,46,54,"Wikipedia (resultados por rodada, com links BeSoccer)",https://es.wikipedia.org/wiki/Campeonato_Brasile%C3%B1o_de_F%C3%BAtbol_Serie_B_2026,,2026-09-10T14:51:00-03:00,MEDIUM
Brasileirão Série B,2026,8,2026-05-12,,Londrina,São Bernardo,1,3,,,São Bernardo,,,,,,,,,,,,,,,,,"Wikipedia (resultados por rodada, com links BeSoccer)",https://es.wikipedia.org/wiki/Campeonato_Brasile%C3%B1o_de_F%C3%BAtbol_Serie_B_2026,,2026-09-10T14:51:00-03:00,MEDIUM
Brasileirão Série B,2026,9,2026-05-16,16:00,Operário-PR,Náutico,2,6,,,Náutico,,,,,,,,,,,,,,,,,"Wikipedia (resultados por rodada, com links BeSoccer)",https://es.wikipedia.org/wiki/Campeonato_Brasile%C3%B1o_de_F%C3%BAtbol_Serie_B_2026,,2026-09-10T14:51:00-03:00,MEDIUM
Brasileirão Série B,2026,9,2026-05-16,,São Bernardo,América-MG,1,1,,,DRAW,,,,,,,,,,,,,,,,,"Wikipedia (resultados por rodada, com links BeSoccer)",https://es.wikipedia.org/wiki/Campeonato_Brasile%C3%B1o_de_F%C3%BAtbol_Serie_B_2026,,2026-09-10T14:51:00-03:00,MEDIUM
Brasileirão Série B,2026,9,2026-05-16,18:30,Goiás,Botafogo-SP,1,0,,,Goiás,,,,,,,,,,,,,,,,,"Wikipedia (resultados por rodada, com links BeSoccer)",https://es.wikipedia.org/wiki/Campeonato_Brasile%C3%B1o_de_F%C3%BAtbol_Serie_B_2026,,2026-09-10T14:51:00-03:00,MEDIUM
Brasileirão Série B,2026,9,2026-05-16,20:30,Cuiabá,Novorizontino,0,0,,,DRAW,,,,,,,,,,,,,,,,,"Wikipedia (resultados por rodada, com links BeSoccer)",https://es.wikipedia.org/wiki/Campeonato_Brasile%C3%B1o_de_F%C3%BAtbol_Serie_B_2026,,2026-09-10T14:51:00-03:00,MEDIUM
Brasileirão Série B,2026,9,2026-05-17,16:00,Athletic Club,Juventude,1,1,,,DRAW,,,,,,,,,,,,,,,,,"Wikipedia (resultados por rodada, com links BeSoccer)",https://es.wikipedia.org/wiki/Campeonato_Brasile%C3%B1o_de_F%C3%BAtbol_Serie_B_2026,,2026-09-10T14:51:00-03:00,MEDIUM
Brasileirão Série B,2026,9,2026-05-17,18:00,Vila Nova,Avaí,2,0,,,Vila Nova,,,,,,,,,,,,,,,,,"Wikipedia (resultados por rodada, com links BeSoccer)",https://es.wikipedia.org/wiki/Campeonato_Brasile%C3%B1o_de_F%C3%BAtbol_Serie_B_2026,,2026-09-10T14:51:00-03:00,MEDIUM
Brasileirão Série B,2026,9,2026-05-17,18:30,Criciúma,Atlético-GO,1,1,,,DRAW,,,,,,,,,,,,,,,,,"Wikipedia (resultados por rodada, com links BeSoccer)",https://es.wikipedia.org/wiki/Campeonato_Brasile%C3%B1o_de_F%C3%BAtbol_Serie_B_2026,,2026-09-10T14:51:00-03:00,MEDIUM
Brasileirão Série B,2026,9,2026-05-17,20:30,Ceará,Fortaleza,2,1,,,Ceará,,,,,,,,,,,,,,,,,"Wikipedia (resultados por rodada, com links BeSoccer)",https://es.wikipedia.org/wiki/Campeonato_Brasile%C3%B1o_de_F%C3%BAtbol_Serie_B_2026,,2026-09-10T14:51:00-03:00,MEDIUM
Brasileirão Série B,2026,9,2026-05-17,,Sport,CRB,1,2,,,CRB,,,,,,,,,,,,,,,,,"Wikipedia (resultados por rodada, com links BeSoccer)",https://es.wikipedia.org/wiki/Campeonato_Brasile%C3%B1o_de_F%C3%BAtbol_Serie_B_2026,,2026-09-10T14:51:00-03:00,MEDIUM
Brasileirão Série B,2026,9,2026-05-18,19:00,Ponte Preta,Londrina,1,4,0,1,Londrina,90+4,24|66|88|90+3,16,19,5,9,1.22,1.99,,,,,,,54,46,"Wikipedia (resultados por rodada, com links BeSoccer)",https://es.wikipedia.org/wiki/Campeonato_Brasile%C3%B1o_de_F%C3%BAtbol_Serie_B_2026,,2026-09-10T14:51:00-03:00,MEDIUM
Brasileirão Série B,2026,10,2026-05-22,19:00,Náutico,Cuiabá,1,0,,,Náutico,,,,,,,,,,,,,,,,,"Wikipedia (resultados por rodada, com links BeSoccer)",https://es.wikipedia.org/wiki/Campeonato_Brasile%C3%B1o_de_F%C3%BAtbol_Serie_B_2026,,2026-09-10T14:51:00-03:00,MEDIUM
Brasileirão Série B,2026,10,2026-05-23,16:00,Novorizontino,Ceará,2,1,,,Novorizontino,,,,,,,,,,,,,,,,,"Wikipedia (resultados por rodada, com links BeSoccer)",https://es.wikipedia.org/wiki/Campeonato_Brasile%C3%B1o_de_F%C3%BAtbol_Serie_B_2026,,2026-09-10T14:51:00-03:00,MEDIUM
Brasileirão Série B,2026,10,2026-05-23,18:30,Fortaleza,Londrina,3,0,,,Fortaleza,,,,,,,,,,,,,,,,,"Wikipedia (resultados por rodada, com links BeSoccer)",https://es.wikipedia.org/wiki/Campeonato_Brasile%C3%B1o_de_F%C3%BAtbol_Serie_B_2026,,2026-09-10T14:51:00-03:00,MEDIUM
Brasileirão Série B,2026,10,2026-05-23,20:30,Juventude,Sport,0,1,,,Sport,,,,,,,,,,,,,,,,,"Wikipedia (resultados por rodada, com links BeSoccer)",https://es.wikipedia.org/wiki/Campeonato_Brasile%C3%B1o_de_F%C3%BAtbol_Serie_B_2026,,2026-09-10T14:51:00-03:00,MEDIUM
Brasileirão Série B,2026,10,2026-05-24,16:00,Atlético-GO,São Bernardo,0,1,,,São Bernardo,,,,,,,,,,,,,,,,,"Wikipedia (resultados por rodada, com links BeSoccer)",https://es.wikipedia.org/wiki/Campeonato_Brasile%C3%B1o_de_F%C3%BAtbol_Serie_B_2026,,2026-09-10T14:51:00-03:00,MEDIUM
Brasileirão Série B,2026,10,2026-05-24,16:30,CRB,Ponte Preta,4,2,,,CRB,,,,,,,,,,,,,,,,,"Wikipedia (resultados por rodada, com links BeSoccer)",https://es.wikipedia.org/wiki/Campeonato_Brasile%C3%B1o_de_F%C3%BAtbol_Serie_B_2026,,2026-09-10T14:51:00-03:00,MEDIUM
Brasileirão Série B,2026,10,2026-05-24,18:30,América-MG,Vila Nova,1,2,,,Vila Nova,,,,,,,,,,,,,,,,,"Wikipedia (resultados por rodada, com links BeSoccer)",https://es.wikipedia.org/wiki/Campeonato_Brasile%C3%B1o_de_F%C3%BAtbol_Serie_B_2026,,2026-09-10T14:51:00-03:00,MEDIUM
Brasileirão Série B,2026,10,2026-05-24,19:00,Avaí,Goiás,0,2,,,Goiás,,,,,,,,,,,,,,,,,"Wikipedia (resultados por rodada, com links BeSoccer)",https://es.wikipedia.org/wiki/Campeonato_Brasile%C3%B1o_de_F%C3%BAtbol_Serie_B_2026,,2026-09-10T14:51:00-03:00,MEDIUM
Brasileirão Série B,2026,10,2026-05-24,20:30,Operário-PR,Criciúma,1,1,,,DRAW,,,,,,,,,,,,,,,,,"Wikipedia (resultados por rodada, com links BeSoccer)",https://es.wikipedia.org/wiki/Campeonato_Brasile%C3%B1o_de_F%C3%BAtbol_Serie_B_2026,,2026-09-10T14:51:00-03:00,MEDIUM
Brasileirão Série B,2026,10,2026-05-25,19:00,Botafogo-SP,Athletic Club,1,2,,,Athletic Club,,,,,,,,,,,,,,,,,"Wikipedia (resultados por rodada, com links BeSoccer)",https://es.wikipedia.org/wiki/Campeonato_Brasile%C3%B1o_de_F%C3%BAtbol_Serie_B_2026,,2026-09-10T14:51:00-03:00,MEDIUM
Brasileirão Série B,2026,11,2026-05-29,21:00,Juventude,América-MG,3,0,,,Juventude,,,,,,,,,,,,,,,,,"Wikipedia (resultados por rodada, com links BeSoccer)",https://es.wikipedia.org/wiki/Campeonato_Brasile%C3%B1o_de_F%C3%BAtbol_Serie_B_2026,,2026-09-10T14:51:00-03:00,MEDIUM
Brasileirão Série B,2026,11,2026-05-30,16:00,Avaí,Criciúma,1,2,,,Criciúma,,,,,,,,,,,,,,,,,"Wikipedia (resultados por rodada, com links BeSoccer)",https://es.wikipedia.org/wiki/Campeonato_Brasile%C3%B1o_de_F%C3%BAtbol_Serie_B_2026,,2026-09-10T14:51:00-03:00,MEDIUM
Brasileirão Série B,2026,11,2026-05-30,18:00,Athletic Club,Fortaleza,1,0,,,Athletic Club,,,,,,,,,,,,,,,,,"Wikipedia (resultados por rodada, com links BeSoccer)",https://es.wikipedia.org/wiki/Campeonato_Brasile%C3%B1o_de_F%C3%BAtbol_Serie_B_2026,,2026-09-10T14:51:00-03:00,MEDIUM
Brasileirão Série B,2026,11,2026-05-30,20:30,Sport,Náutico,2,0,,,Sport,,,,,,,,,,,,,,,,,"Wikipedia (resultados por rodada, com links BeSoccer)",https://es.wikipedia.org/wiki/Campeonato_Brasile%C3%B1o_de_F%C3%BAtbol_Serie_B_2026,,2026-09-10T14:51:00-03:00,MEDIUM
Brasileirão Série B,2026,11,2026-05-31,11:00,Londrina,Vila Nova,0,1,,,Vila Nova,,,,,,,,,,,,,,,,,"Wikipedia (resultados por rodada, com links BeSoccer)",https://es.wikipedia.org/wiki/Campeonato_Brasile%C3%B1o_de_F%C3%BAtbol_Serie_B_2026,,2026-09-10T14:51:00-03:00,MEDIUM
Brasileirão Série B,2026,11,2026-05-31,,São Bernardo,Novorizontino,1,1,,,DRAW,,,,,,,,,,,,,,,,,"Wikipedia (resultados por rodada, com links BeSoccer)",https://es.wikipedia.org/wiki/Campeonato_Brasile%C3%B1o_de_F%C3%BAtbol_Serie_B_2026,,2026-09-10T14:51:00-03:00,MEDIUM
Brasileirão Série B,2026,11,2026-05-31,16:00,Atlético-GO,Goiás,1,1,,,DRAW,,,,,,,,,,,,,,,,,"Wikipedia (resultados por rodada, com links BeSoccer)",https://es.wikipedia.org/wiki/Campeonato_Brasile%C3%B1o_de_F%C3%BAtbol_Serie_B_2026,,2026-09-10T14:51:00-03:00,MEDIUM
Brasileirão Série B,2026,11,2026-05-31,,Ceará,Operário-PR,1,2,,,Operário-PR,,,,,,,,,,,,,,,,,"Wikipedia (resultados por rodada, com links BeSoccer)",https://es.wikipedia.org/wiki/Campeonato_Brasile%C3%B1o_de_F%C3%BAtbol_Serie_B_2026,,2026-09-10T14:51:00-03:00,MEDIUM
Brasileirão Série B,2026,11,2026-05-31,20:30,Cuiabá,CRB,2,0,,,Cuiabá,,,,,,,,,,,,,,,,,"Wikipedia (resultados por rodada, com links BeSoccer)",https://es.wikipedia.org/wiki/Campeonato_Brasile%C3%B1o_de_F%C3%BAtbol_Serie_B_2026,,2026-09-10T14:51:00-03:00,MEDIUM
Brasileirão Série B,2026,11,2026-06-01,19:00,Ponte Preta,Botafogo-SP,0,0,,,DRAW,,,,,,,,,,,,,,,,,"Wikipedia (resultados por rodada, com links BeSoccer)",https://es.wikipedia.org/wiki/Campeonato_Brasile%C3%B1o_de_F%C3%BAtbol_Serie_B_2026,,2026-09-10T14:51:00-03:00,MEDIUM
Brasileirão Série B,2026,12,2026-06-05,20:00,Operário-PR,Juventude,2,1,,,Operário-PR,,,,,,,,,,,,,,,,,"Wikipedia (resultados por rodada, com links BeSoccer)",https://es.wikipedia.org/wiki/Campeonato_Brasile%C3%B1o_de_F%C3%BAtbol_Serie_B_2026,,2026-09-10T14:51:00-03:00,MEDIUM
Brasileirão Série B,2026,12,2026-06-06,11:00,Criciúma,Londrina,1,0,,,Criciúma,,,,,,,,,,,,,,,,,"Wikipedia (resultados por rodada, com links BeSoccer)",https://es.wikipedia.org/wiki/Campeonato_Brasile%C3%B1o_de_F%C3%BAtbol_Serie_B_2026,,2026-09-10T14:51:00-03:00,MEDIUM
Brasileirão Série B,2026,12,2026-06-07,16:00,CRB,São Bernardo,2,3,,,São Bernardo,,,,,,,,,,,,,,,,,"Wikipedia (resultados por rodada, com links BeSoccer)",https://es.wikipedia.org/wiki/Campeonato_Brasile%C3%B1o_de_F%C3%BAtbol_Serie_B_2026,,2026-09-10T14:51:00-03:00,MEDIUM
Brasileirão Série B,2026,12,2026-06-08,20:00,América-MG,Atlético-GO,1,2,,,Atlético-GO,,,,,,,,,,,,,,,,,"Wikipedia (resultados por rodada, com links BeSoccer)",https://es.wikipedia.org/wiki/Campeonato_Brasile%C3%B1o_de_F%C3%BAtbol_Serie_B_2026,,2026-09-10T14:51:00-03:00,MEDIUM
Brasileirão Série B,2026,12,2026-06-08,,Vila Nova,Botafogo-SP,1,0,,,Vila Nova,,,,,,,,,,,,,,,,,"Wikipedia (resultados por rodada, com links BeSoccer)",https://es.wikipedia.org/wiki/Campeonato_Brasile%C3%B1o_de_F%C3%BAtbol_Serie_B_2026,,2026-09-10T14:51:00-03:00,MEDIUM
Brasileirão Série B,2026,12,2026-06-09,19:00,Náutico,Fortaleza,0,1,0,1,Fortaleza,,44,31,4,10,1,1.99,0.19,,,,,,2,73,27,"Wikipedia (resultados por rodada, com links BeSoccer)",https://es.wikipedia.org/wiki/Campeonato_Brasile%C3%B1o_de_F%C3%BAtbol_Serie_B_2026,,2026-09-10T14:51:00-03:00,MEDIUM
Brasileirão Série B,2026,12,2026-06-09,,Ponte Preta,Cuiabá,1,2,,,Cuiabá,,,,,,,,,,,,,,,,,"Wikipedia (resultados por rodada, com links BeSoccer)",https://es.wikipedia.org/wiki/Campeonato_Brasile%C3%B1o_de_F%C3%BAtbol_Serie_B_2026,,2026-09-10T14:51:00-03:00,MEDIUM
Brasileirão Série B,2026,12,2026-06-10,20:00,Ceará,Avaí,2,1,,,Ceará,,,,,,,,,,,,,,,,,"Wikipedia (resultados por rodada, com links BeSoccer)",https://es.wikipedia.org/wiki/Campeonato_Brasile%C3%B1o_de_F%C3%BAtbol_Serie_B_2026,,2026-09-10T14:51:00-03:00,MEDIUM
Brasileirão Série B,2026,12,2026-06-10,,Goiás,Novorizontino,0,4,,,Novorizontino,,,22,14,6,6,2.08,2.72,,,,,,,71,29,"Wikipedia (resultados por rodada, com links BeSoccer)",https://es.wikipedia.org/wiki/Campeonato_Brasile%C3%B1o_de_F%C3%BAtbol_Serie_B_2026,,2026-09-10T14:51:00-03:00,MEDIUM
Brasileirão Série B,2026,12,2026-06-10,21:00,Sport,Athletic Club,1,1,,,DRAW,,,,,,,,,,,,,,,,,"Wikipedia (resultados por rodada, com links BeSoccer)",https://es.wikipedia.org/wiki/Campeonato_Brasile%C3%B1o_de_F%C3%BAtbol_Serie_B_2026,,2026-09-10T14:51:00-03:00,MEDIUM
Brasileirão Série B,2026,13,2026-06-12,19:00,Atlético-GO,CRB,3,3,,,DRAW,,,,,,,,,,,,,,,,,"Wikipedia (resultados por rodada, com links BeSoccer)",https://es.wikipedia.org/wiki/Campeonato_Brasile%C3%B1o_de_F%C3%BAtbol_Serie_B_2026,,2026-09-10T14:51:00-03:00,MEDIUM
Brasileirão Série B,2026,13,2026-06-14,11:00,Juventude,Ponte Preta,3,0,,,Juventude,,,,,,,,,,,,,,,,,"Wikipedia (resultados por rodada, com links BeSoccer)",https://es.wikipedia.org/wiki/Campeonato_Brasile%C3%B1o_de_F%C3%BAtbol_Serie_B_2026,,2026-09-10T14:51:00-03:00,MEDIUM
Brasileirão Série B,2026,13,2026-06-14,,São Bernardo,Sport,0,0,,,DRAW,,,,,,,,,,,,,,,,,"Wikipedia (resultados por rodada, com links BeSoccer)",https://es.wikipedia.org/wiki/Campeonato_Brasile%C3%B1o_de_F%C3%BAtbol_Serie_B_2026,,2026-09-10T14:51:00-03:00,MEDIUM
Brasileirão Série B,2026,13,2026-06-14,16:00,Athletic Club,Goiás,1,1,,,DRAW,,,,,,,,,,,,,,,,,"Wikipedia (resultados por rodada, com links BeSoccer)",https://es.wikipedia.org/wiki/Campeonato_Brasile%C3%B1o_de_F%C3%BAtbol_Serie_B_2026,,2026-09-10T14:51:00-03:00,MEDIUM
Brasileirão Série B,2026,13,2026-06-14,17:00,Cuiabá,Vila Nova,1,0,,,Cuiabá,,,,,,,,,,,,,,,,,"Wikipedia (resultados por rodada, com links BeSoccer)",https://es.wikipedia.org/wiki/Campeonato_Brasile%C3%B1o_de_F%C3%BAtbol_Serie_B_2026,,2026-09-10T14:51:00-03:00,MEDIUM
Brasileirão Série B,2026,13,2026-06-14,19:00,Botafogo-SP,Operário-PR,2,1,,,Botafogo-SP,,,,,,,,,,,,,,,,,"Wikipedia (resultados por rodada, com links BeSoccer)",https://es.wikipedia.org/wiki/Campeonato_Brasile%C3%B1o_de_F%C3%BAtbol_Serie_B_2026,,2026-09-10T14:51:00-03:00,MEDIUM
Brasileirão Série B,2026,13,2026-06-14,,Novorizontino,Náutico,2,2,,,DRAW,,,,,,,,,,,,,,,,,"Wikipedia (resultados por rodada, com links BeSoccer)",https://es.wikipedia.org/wiki/Campeonato_Brasile%C3%B1o_de_F%C3%BAtbol_Serie_B_2026,,2026-09-10T14:51:00-03:00,MEDIUM
Brasileirão Série B,2026,13,2026-06-15,21:00,Criciúma,Ceará,1,1,,,DRAW,,,,,,,,,,,,,,,,,"Wikipedia (resultados por rodada, com links BeSoccer)",https://es.wikipedia.org/wiki/Campeonato_Brasile%C3%B1o_de_F%C3%BAtbol_Serie_B_2026,,2026-09-10T14:51:00-03:00,MEDIUM
Brasileirão Série B,2026,13,2026-06-15,,Londrina,Avaí,3,2,,,Londrina,,,,,,,,,,,,,,,,,"Wikipedia (resultados por rodada, com links BeSoccer)",https://es.wikipedia.org/wiki/Campeonato_Brasile%C3%B1o_de_F%C3%BAtbol_Serie_B_2026,,2026-09-10T14:51:00-03:00,MEDIUM
Brasileirão Série B,2026,13,2026-06-16,20:00,Fortaleza,América-MG,0,3,,,América-MG,,,,,,,,,,,,,,,,,"Wikipedia (resultados por rodada, com links BeSoccer)",https://es.wikipedia.org/wiki/Campeonato_Brasile%C3%B1o_de_F%C3%BAtbol_Serie_B_2026,,2026-09-10T14:51:00-03:00,MEDIUM
Brasileirão Série B,2026,14,2026-06-18,21:00,Sport,Atlético-GO,1,1,,,DRAW,,,,,,,,,,,,,,,,,"Wikipedia (resultados por rodada, com links BeSoccer)",https://es.wikipedia.org/wiki/Campeonato_Brasile%C3%B1o_de_F%C3%BAtbol_Serie_B_2026,,2026-09-10T14:51:00-03:00,MEDIUM
Brasileirão Série B,2026,14,2026-06-20,11:00,Londrina,Athletic Club,2,0,,,Londrina,,,,,,,,,,,,,,,,,"Wikipedia (resultados por rodada, com links BeSoccer)",https://es.wikipedia.org/wiki/Campeonato_Brasile%C3%B1o_de_F%C3%BAtbol_Serie_B_2026,,2026-09-10T14:51:00-03:00,MEDIUM
Brasileirão Série B,2026,14,2026-06-20,19:00,Ceará,Botafogo-SP,0,1,,,Botafogo-SP,,,,,,,,,,,,,,,,,"Wikipedia (resultados por rodada, com links BeSoccer)",https://es.wikipedia.org/wiki/Campeonato_Brasile%C3%B1o_de_F%C3%BAtbol_Serie_B_2026,,2026-09-10T14:51:00-03:00,MEDIUM
Brasileirão Série B,2026,14,2026-06-20,,Vila Nova,Náutico,4,3,,,Vila Nova,,,,,,,,,,,,,,,,,"Wikipedia (resultados por rodada, com links BeSoccer)",https://es.wikipedia.org/wiki/Campeonato_Brasile%C3%B1o_de_F%C3%BAtbol_Serie_B_2026,,2026-09-10T14:51:00-03:00,MEDIUM
Brasileirão Série B,2026,14,2026-06-21,11:00,Avaí,Cuiabá,1,0,,,Avaí,,,,,,,,,,,,,,,,,"Wikipedia (resultados por rodada, com links BeSoccer)",https://es.wikipedia.org/wiki/Campeonato_Brasile%C3%B1o_de_F%C3%BAtbol_Serie_B_2026,,2026-09-10T14:51:00-03:00,MEDIUM
Brasileirão Série B,2026,14,2026-06-21,16:00,CRB,Fortaleza,1,1,,,DRAW,,,,,,,,,,,,,,,,,"Wikipedia (resultados por rodada, com links BeSoccer)",https://es.wikipedia.org/wiki/Campeonato_Brasile%C3%B1o_de_F%C3%BAtbol_Serie_B_2026,,2026-09-10T14:51:00-03:00,MEDIUM
Brasileirão Série B,2026,14,2026-06-21,17:00,São Bernardo,Juventude,0,1,,,Juventude,,,,,,,,,,,,,,,,,"Wikipedia (resultados por rodada, com links BeSoccer)",https://es.wikipedia.org/wiki/Campeonato_Brasile%C3%B1o_de_F%C3%BAtbol_Serie_B_2026,,2026-09-10T14:51:00-03:00,MEDIUM
Brasileirão Série B,2026,14,2026-06-21,18:30,Goiás,Operário-PR,0,3,,,Operário-PR,,,,,,,,,,,,,,,,,"Wikipedia (resultados por rodada, com links BeSoccer)",https://es.wikipedia.org/wiki/Campeonato_Brasile%C3%B1o_de_F%C3%BAtbol_Serie_B_2026,,2026-09-10T14:51:00-03:00,MEDIUM
Brasileirão Série B,2026,14,2026-06-22,20:00,Ponte Preta,Novorizontino,0,2,,,Novorizontino,,,,,,,,,,,,,,,,,"Wikipedia (resultados por rodada, com links BeSoccer)",https://es.wikipedia.org/wiki/Campeonato_Brasile%C3%B1o_de_F%C3%BAtbol_Serie_B_2026,,2026-09-10T14:51:00-03:00,MEDIUM
Brasileirão Série B,2026,14,2026-06-23,,América-MG,Criciúma,0,1,,,Criciúma,,,,,,,,,,,,,,,,,"Wikipedia (resultados por rodada, com links BeSoccer)",https://es.wikipedia.org/wiki/Campeonato_Brasile%C3%B1o_de_F%C3%BAtbol_Serie_B_2026,,2026-09-10T14:51:00-03:00,MEDIUM
Brasileirão Série B,2026,15,2026-06-25,20:30,Cuiabá,Londrina,2,2,,,DRAW,,,,,,,,,,,,,,,,,"Wikipedia (resultados por rodada, com links BeSoccer)",https://es.wikipedia.org/wiki/Campeonato_Brasile%C3%B1o_de_F%C3%BAtbol_Serie_B_2026,,2026-09-10T14:51:00-03:00,MEDIUM
Brasileirão Série B,2026,15,2026-06-26,19:00,Novorizontino,Vila Nova,2,1,,,Novorizontino,,,,,,,,,,,,,,,,,"Wikipedia (resultados por rodada, com links BeSoccer)",https://es.wikipedia.org/wiki/Campeonato_Brasile%C3%B1o_de_F%C3%BAtbol_Serie_B_2026,,2026-09-10T14:51:00-03:00,MEDIUM
Brasileirão Série B,2026,15,2026-06-27,11:00,Operário-PR,América-MG,1,0,,,Operário-PR,,,,,,,,,,,,,,,,,"Wikipedia (resultados por rodada, com links BeSoccer)",https://es.wikipedia.org/wiki/Campeonato_Brasile%C3%B1o_de_F%C3%BAtbol_Serie_B_2026,,2026-09-10T14:51:00-03:00,MEDIUM
Brasileirão Série B,2026,15,2026-06-27,16:00,Criciúma,São Bernardo,1,0,,,Criciúma,,,,,,,,,,,,,,,,,"Wikipedia (resultados por rodada, com links BeSoccer)",https://es.wikipedia.org/wiki/Campeonato_Brasile%C3%B1o_de_F%C3%BAtbol_Serie_B_2026,,2026-09-10T14:51:00-03:00,MEDIUM
Brasileirão Série B,2026,15,2026-06-28,16:00,Athletic Club,Avaí,1,0,,,Athletic Club,,,,,,,,,,,,,,,,,"Wikipedia (resultados por rodada, com links BeSoccer)",https://es.wikipedia.org/wiki/Campeonato_Brasile%C3%B1o_de_F%C3%BAtbol_Serie_B_2026,,2026-09-10T14:51:00-03:00,MEDIUM
Brasileirão Série B,2026,15,2026-06-28,,Atlético-GO,Ponte Preta,2,0,,,Atlético-GO,,,,,,,,,,,,,,,,,"Wikipedia (resultados por rodada, com links BeSoccer)",https://es.wikipedia.org/wiki/Campeonato_Brasile%C3%B1o_de_F%C3%BAtbol_Serie_B_2026,,2026-09-10T14:51:00-03:00,MEDIUM
Brasileirão Série B,2026,15,2026-06-28,,Juventude,Ceará,2,0,,,Juventude,,,,,,,,,,,,,,,,,"Wikipedia (resultados por rodada, com links BeSoccer)",https://es.wikipedia.org/wiki/Campeonato_Brasile%C3%B1o_de_F%C3%BAtbol_Serie_B_2026,,2026-09-10T14:51:00-03:00,MEDIUM
Brasileirão Série B,2026,15,2026-06-28,18:30,Fortaleza,Sport,2,1,,,Fortaleza,,,,,,,,,,,,,,,,,"Wikipedia (resultados por rodada, com links BeSoccer)",https://es.wikipedia.org/wiki/Campeonato_Brasile%C3%B1o_de_F%C3%BAtbol_Serie_B_2026,,2026-09-10T14:51:00-03:00,MEDIUM
Brasileirão Série B,2026,15,2026-06-28,,Náutico,Goiás,0,1,,,Goiás,,,,,,,,,,,,,,,,,"Wikipedia (resultados por rodada, com links BeSoccer)",https://es.wikipedia.org/wiki/Campeonato_Brasile%C3%B1o_de_F%C3%BAtbol_Serie_B_2026,,2026-09-10T14:51:00-03:00,MEDIUM
Brasileirão Série B,2026,15,2026-06-30,20:00,Botafogo-SP,CRB,0,1,,,CRB,,,,,,,,,,,,,,,,,"Wikipedia (resultados por rodada, com links BeSoccer)",https://es.wikipedia.org/wiki/Campeonato_Brasile%C3%B1o_de_F%C3%BAtbol_Serie_B_2026,,2026-09-10T14:51:00-03:00,MEDIUM
Brasileirão Série B,2026,16,2026-07-02,20:00,Cuiabá,América-MG,1,0,0,0,Cuiabá,90,,15,9,6,1,1.11,0.44,7,2,,,,1,56,44,"Wikipedia (resultados por rodada, com links BeSoccer)",https://es.wikipedia.org/wiki/Campeonato_Brasile%C3%B1o_de_F%C3%BAtbol_Serie_B_2026,,2026-09-10T14:51:00-03:00,MEDIUM
Brasileirão Série B,2026,16,2026-07-02,21:00,Fortaleza,Ponte Preta,2,0,,,Fortaleza,,,,,,,,,,,,,,,,,"Wikipedia (resultados por rodada, com links BeSoccer)",https://es.wikipedia.org/wiki/Campeonato_Brasile%C3%B1o_de_F%C3%BAtbol_Serie_B_2026,,2026-09-10T14:51:00-03:00,MEDIUM
Brasileirão Série B,2026,16,2026-07-04,16:00,Criciúma,Sport,1,0,,,Criciúma,,,,,,,,,,,,,,,,,"Wikipedia (resultados por rodada, com links BeSoccer)",https://es.wikipedia.org/wiki/Campeonato_Brasile%C3%B1o_de_F%C3%BAtbol_Serie_B_2026,,2026-09-10T14:51:00-03:00,MEDIUM
Brasileirão Série B,2026,16,2026-07-04,,Londrina,CRB,5,0,,,Londrina,,,,,,,,,,,,,,,,,"Wikipedia (resultados por rodada, com links BeSoccer)",https://es.wikipedia.org/wiki/Campeonato_Brasile%C3%B1o_de_F%C3%BAtbol_Serie_B_2026,,2026-09-10T14:51:00-03:00,MEDIUM
Brasileirão Série B,2026,16,2026-07-04,,Novorizontino,Atlético-GO,3,0,,,Novorizontino,,,,,,,,,,,,,,,,,"Wikipedia (resultados por rodada, com links BeSoccer)",https://es.wikipedia.org/wiki/Campeonato_Brasile%C3%B1o_de_F%C3%BAtbol_Serie_B_2026,,2026-09-10T14:51:00-03:00,MEDIUM
Brasileirão Série B,2026,16,2026-07-04,20:00,Goiás,Ceará,2,0,1,0,Goiás,11|80,,5,16,3,0,0.52,0.64,2,14,,,,,38,62,"Wikipedia (resultados por rodada, com links BeSoccer)",https://es.wikipedia.org/wiki/Campeonato_Brasile%C3%B1o_de_F%C3%BAtbol_Serie_B_2026,,2026-09-10T14:51:00-03:00,MEDIUM
Brasileirão Série B,2026,16,2026-07-05,19:00,Náutico,Juventude,0,0,,,DRAW,,,,,,,,,,,,,,,,,"Wikipedia (resultados por rodada, com links BeSoccer)",https://es.wikipedia.org/wiki/Campeonato_Brasile%C3%B1o_de_F%C3%BAtbol_Serie_B_2026,,2026-09-10T14:51:00-03:00,MEDIUM
Brasileirão Série B,2026,16,2026-07-06,,Botafogo-SP,Avaí,3,1,,,Botafogo-SP,,,,,,,,,,,,,,,,,"Wikipedia (resultados por rodada, com links BeSoccer)",https://es.wikipedia.org/wiki/Campeonato_Brasile%C3%B1o_de_F%C3%BAtbol_Serie_B_2026,,2026-09-10T14:51:00-03:00,MEDIUM
Brasileirão Série B,2026,16,2026-07-06,,Vila Nova,São Bernardo,2,1,,,Vila Nova,,,,,,,,,,,,,,,,,"Wikipedia (resultados por rodada, com links BeSoccer)",https://es.wikipedia.org/wiki/Campeonato_Brasile%C3%B1o_de_F%C3%BAtbol_Serie_B_2026,,2026-09-10T14:51:00-03:00,MEDIUM
Brasileirão Série B,2026,16,2026-07-07,20:00,Athletic Club,Operário-PR,0,1,,,Operário-PR,,,,,,,,,,,,,,,,,"Wikipedia (resultados por rodada, com links BeSoccer)",https://es.wikipedia.org/wiki/Campeonato_Brasile%C3%B1o_de_F%C3%BAtbol_Serie_B_2026,,2026-09-10T14:51:00-03:00,MEDIUM
Brasileirão Série B,2026,17,2026-07-08,20:00,Ponte Preta,Criciúma,1,2,,,Criciúma,,,,,,,,,,,,,,,,,"Wikipedia (resultados por rodada, com links BeSoccer)",https://es.wikipedia.org/wiki/Campeonato_Brasile%C3%B1o_de_F%C3%BAtbol_Serie_B_2026,,2026-09-10T14:51:00-03:00,MEDIUM
Brasileirão Série B,2026,17,2026-07-10,19:00,Juventude,Vila Nova,1,0,,,Juventude,,,,,,,,,,,,,,,,,"Wikipedia (resultados por rodada, com links BeSoccer)",https://es.wikipedia.org/wiki/Campeonato_Brasile%C3%B1o_de_F%C3%BAtbol_Serie_B_2026,,2026-09-10T14:51:00-03:00,MEDIUM
Brasileirão Série B,2026,17,2026-07-10,20:00,Sport,Botafogo-SP,3,3,,,DRAW,,,,,,,,,,,,,,,,,"Wikipedia (resultados por rodada, com links BeSoccer)",https://es.wikipedia.org/wiki/Campeonato_Brasile%C3%B1o_de_F%C3%BAtbol_Serie_B_2026,,2026-09-10T14:51:00-03:00,MEDIUM
Brasileirão Série B,2026,17,2026-07-12,11:00,Operário-PR,Novorizontino,2,1,,,Operário-PR,,,,,,,,,,,,,,,,,"Wikipedia (resultados por rodada, com links BeSoccer)",https://es.wikipedia.org/wiki/Campeonato_Brasile%C3%B1o_de_F%C3%BAtbol_Serie_B_2026,,2026-09-10T14:51:00-03:00,MEDIUM
Brasileirão Série B,2026,17,2026-07-12,16:00,Avaí,Náutico,2,0,,,Avaí,,,,,,,,,,,,,,,,,"Wikipedia (resultados por rodada, com links BeSoccer)",https://es.wikipedia.org/wiki/Campeonato_Brasile%C3%B1o_de_F%C3%BAtbol_Serie_B_2026,,2026-09-10T14:51:00-03:00,MEDIUM
Brasileirão Série B,2026,17,2026-07-12,,São Bernardo,Cuiabá,2,2,2,2,DRAW,7|45+1,12|29(OG),11,9,3,3,0.74,0.25,,,,,,,73,27,"Wikipedia (resultados por rodada, com links BeSoccer)",https://es.wikipedia.org/wiki/Campeonato_Brasile%C3%B1o_de_F%C3%BAtbol_Serie_B_2026,,2026-09-10T14:51:00-03:00,MEDIUM
Brasileirão Série B,2026,17,2026-07-12,18:00,Atlético-GO,Fortaleza,1,0,,,Atlético-GO,,,,,,,,,,,,,,,,,"Wikipedia (resultados por rodada, com links BeSoccer)",https://es.wikipedia.org/wiki/Campeonato_Brasile%C3%B1o_de_F%C3%BAtbol_Serie_B_2026,,2026-09-10T14:51:00-03:00,MEDIUM
Brasileirão Série B,2026,17,2026-07-12,19:00,CRB,Goiás,2,2,0,2,DRAW,70|74(PEN),39|45(PEN),21,4,4,2,1.75,0.89,,,,,,,47,53,"Wikipedia (resultados por rodada, com links BeSoccer)",https://es.wikipedia.org/wiki/Campeonato_Brasile%C3%B1o_de_F%C3%BAtbol_Serie_B_2026,,2026-09-10T14:51:00-03:00,MEDIUM
Brasileirão Série B,2026,17,2026-07-13,,América-MG,Londrina,1,1,,,DRAW,,,,,,,,,,,,,,,,,"Wikipedia (resultados por rodada, com links BeSoccer)",https://es.wikipedia.org/wiki/Campeonato_Brasile%C3%B1o_de_F%C3%BAtbol_Serie_B_2026,,2026-09-10T14:51:00-03:00,MEDIUM
Brasileirão Série B,2026,17,2026-07-13,20:30,Ceará,Athletic Club,0,0,,,DRAW,,,,,,,,,,,,,,,,,"Wikipedia (resultados por rodada, com links BeSoccer)",https://es.wikipedia.org/wiki/Campeonato_Brasile%C3%B1o_de_F%C3%BAtbol_Serie_B_2026,,2026-09-10T14:51:00-03:00,MEDIUM
Brasileirão Série B,2026,18,2026-07-16,20:00,CRB,Náutico,2,1,,,CRB,,,,,,,,,,,,,,,,,"Wikipedia (resultados por rodada, com links BeSoccer)",https://es.wikipedia.org/wiki/Campeonato_Brasile%C3%B1o_de_F%C3%BAtbol_Serie_B_2026,,2026-09-10T14:51:00-03:00,MEDIUM
Brasileirão Série B,2026,18,2026-07-17,19:00,América-MG,Ceará,1,1,0,0,DRAW,67,89,12,11,4,3,1.2,0.67,,,,,,,60,40,"Wikipedia (resultados por rodada, com links BeSoccer)",https://es.wikipedia.org/wiki/Campeonato_Brasile%C3%B1o_de_F%C3%BAtbol_Serie_B_2026,,2026-09-10T14:51:00-03:00,MEDIUM
Brasileirão Série B,2026,18,2026-07-17,,Juventude,Cuiabá,2,0,,,Juventude,,,,,,,,,,,,,,,,,"Wikipedia (resultados por rodada, com links BeSoccer)",https://es.wikipedia.org/wiki/Campeonato_Brasile%C3%B1o_de_F%C3%BAtbol_Serie_B_2026,,2026-09-10T14:51:00-03:00,MEDIUM
Brasileirão Série B,2026,18,2026-07-17,,São Bernardo,Avaí,1,1,,,DRAW,,,,,,,,,,,,,,,,,"Wikipedia (resultados por rodada, com links BeSoccer)",https://es.wikipedia.org/wiki/Campeonato_Brasile%C3%B1o_de_F%C3%BAtbol_Serie_B_2026,,2026-09-10T14:51:00-03:00,MEDIUM
Brasileirão Série B,2026,18,2026-07-17,21:00,Fortaleza,Novorizontino,1,0,,,Fortaleza,,,,,,,,,,,,,,,,,"Wikipedia (resultados por rodada, com links BeSoccer)",https://es.wikipedia.org/wiki/Campeonato_Brasile%C3%B1o_de_F%C3%BAtbol_Serie_B_2026,,2026-09-10T14:51:00-03:00,MEDIUM
Brasileirão Série B,2026,18,2026-07-18,16:00,Criciúma,Vila Nova,2,0,,,Criciúma,,,,,,,,,,,,,,,,,"Wikipedia (resultados por rodada, com links BeSoccer)",https://es.wikipedia.org/wiki/Campeonato_Brasile%C3%B1o_de_F%C3%BAtbol_Serie_B_2026,,2026-09-10T14:51:00-03:00,MEDIUM
Brasileirão Série B,2026,18,2026-07-18,,Ponte Preta,Goiás,1,2,,,Goiás,,,,,,,,,,,,,,,,,"Wikipedia (resultados por rodada, com links BeSoccer)",https://es.wikipedia.org/wiki/Campeonato_Brasile%C3%B1o_de_F%C3%BAtbol_Serie_B_2026,,2026-09-10T14:51:00-03:00,MEDIUM
Brasileirão Série B,2026,18,2026-07-18,,Sport,Operário-PR,2,2,,,DRAW,,,,,,,,,,,,,,,,,"Wikipedia (resultados por rodada, com links BeSoccer)",https://es.wikipedia.org/wiki/Campeonato_Brasile%C3%B1o_de_F%C3%BAtbol_Serie_B_2026,,2026-09-10T14:51:00-03:00,MEDIUM
Brasileirão Série B,2026,18,2026-07-18,19:00,Atlético-GO,Athletic Club,0,0,,,DRAW,,,,,,,,,,,,,,,,,"Wikipedia (resultados por rodada, com links BeSoccer)",https://es.wikipedia.org/wiki/Campeonato_Brasile%C3%B1o_de_F%C3%BAtbol_Serie_B_2026,,2026-09-10T14:51:00-03:00,MEDIUM
Brasileirão Série B,2026,18,2026-07-18,20:00,Londrina,Botafogo-SP,0,0,0,0,DRAW,,,22,5,5,0,0.92,0.32,,,,,,,57,43,"Wikipedia (resultados por rodada, com links BeSoccer)",https://es.wikipedia.org/wiki/Campeonato_Brasile%C3%B1o_de_F%C3%BAtbol_Serie_B_2026,,2026-09-10T14:51:00-03:00,MEDIUM
Brasileirão Série B,2026,19,2026-07-21,19:30,Avaí,América-MG,2,1,0,1,Avaí,87(PEN)|88,39,10,8,4,6,1.81,0.77,,,,,,,49,51,"Wikipedia (resultados por rodada, com links BeSoccer)",https://es.wikipedia.org/wiki/Campeonato_Brasile%C3%B1o_de_F%C3%BAtbol_Serie_B_2026,,2026-09-10T14:51:00-03:00,MEDIUM
Brasileirão Série B,2026,19,2026-07-21,,Novorizontino,Criciúma,0,1,,,Criciúma,,,,,,,,,,,,,,,,,"Wikipedia (resultados por rodada, com links BeSoccer)",https://es.wikipedia.org/wiki/Campeonato_Brasile%C3%B1o_de_F%C3%BAtbol_Serie_B_2026,,2026-09-10T14:51:00-03:00,MEDIUM
Brasileirão Série B,2026,19,2026-07-21,21:35,Vila Nova,Fortaleza,2,1,,,Vila Nova,,,,,,,,,,,,,,,,,"Wikipedia (resultados por rodada, com links BeSoccer)",https://es.wikipedia.org/wiki/Campeonato_Brasile%C3%B1o_de_F%C3%BAtbol_Serie_B_2026,,2026-09-10T14:51:00-03:00,MEDIUM
Brasileirão Série B,2026,19,2026-07-22,19:30,Ceará,CRB,0,1,,,CRB,,,20,12,6,3,0.79,1.3,,,,,,,52,48,"Wikipedia (resultados por rodada, com links BeSoccer)",https://es.wikipedia.org/wiki/Campeonato_Brasile%C3%B1o_de_F%C3%BAtbol_Serie_B_2026,,2026-09-10T14:51:00-03:00,MEDIUM
Brasileirão Série B,2026,19,2026-07-22,,Operário-PR,Ponte Preta,3,2,,,Operário-PR,,,,,,,,,,,,,,,,,"Wikipedia (resultados por rodada, com links BeSoccer)",https://es.wikipedia.org/wiki/Campeonato_Brasile%C3%B1o_de_F%C3%BAtbol_Serie_B_2026,,2026-09-10T14:51:00-03:00,MEDIUM
Brasileirão Série B,2026,19,2026-07-22,20:30,Goiás,Sport,1,1,,,DRAW,,,,,,,0.54,0.26,,,,,,,57,43,"Wikipedia (resultados por rodada, com links BeSoccer)",https://es.wikipedia.org/wiki/Campeonato_Brasile%C3%B1o_de_F%C3%BAtbol_Serie_B_2026,,2026-09-10T14:51:00-03:00,MEDIUM
Brasileirão Série B,2026,19,2026-07-22,21:30,Náutico,Londrina,2,1,,,Náutico,,,,,,,,,,,,,,,,,"Wikipedia (resultados por rodada, com links BeSoccer)",https://es.wikipedia.org/wiki/Campeonato_Brasile%C3%B1o_de_F%C3%BAtbol_Serie_B_2026,,2026-09-10T14:51:00-03:00,MEDIUM
Brasileirão Série B,2026,19,2026-07-23,19:30,Athletic Club,São Bernardo,2,1,1,1,Athletic Club,2|63,26,10,21,5,11,0.69,1.81,,,,,,,39,61,"Wikipedia (resultados por rodada, com links BeSoccer)",https://es.wikipedia.org/wiki/Campeonato_Brasile%C3%B1o_de_F%C3%BAtbol_Serie_B_2026,,2026-09-10T14:51:00-03:00,MEDIUM
Brasileirão Série B,2026,19,2026-07-23,20:30,Cuiabá,Atlético-GO,0,1,,,Atlético-GO,,,,,,,,,,,,,,,,,"Wikipedia (resultados por rodada, com links BeSoccer)",https://es.wikipedia.org/wiki/Campeonato_Brasile%C3%B1o_de_F%C3%BAtbol_Serie_B_2026,,2026-09-10T14:51:00-03:00,MEDIUM
Brasileirão Série B,2026,19,2026-07-23,21:30,Botafogo-SP,Juventude,4,2,,,Botafogo-SP,,,,,,,,,,,,,,,,,"Wikipedia (resultados por rodada, com links BeSoccer)",https://es.wikipedia.org/wiki/Campeonato_Brasile%C3%B1o_de_F%C3%BAtbol_Serie_B_2026,,2026-09-10T14:51:00-03:00,MEDIUM
Brasileirão Série B,2026,20,2026-07-26,16:00,Criciúma,Náutico,0,0,,,DRAW,,,,,,,,,,,,,,,,,"Wikipedia (resultados por rodada, com links BeSoccer)",https://es.wikipedia.org/wiki/Campeonato_Brasile%C3%B1o_de_F%C3%BAtbol_Serie_B_2026,,2026-09-10T14:51:00-03:00,MEDIUM
Brasileirão Série B,2026,20,2026-07-26,,São Bernardo,Ceará,3,4,,,Ceará,,,19,17,5,8,1.45,0.96,,,,,,,54,46,"Wikipedia (resultados por rodada, com links BeSoccer)",https://es.wikipedia.org/wiki/Campeonato_Brasile%C3%B1o_de_F%C3%BAtbol_Serie_B_2026,,2026-09-10T14:51:00-03:00,MEDIUM
Brasileirão Série B,2026,20,2026-07-26,18:30,América-MG,Goiás,1,0,,,América-MG,,,,,,,,,,,,,,,,,"Wikipedia (resultados por rodada, com links BeSoccer)",https://es.wikipedia.org/wiki/Campeonato_Brasile%C3%B1o_de_F%C3%BAtbol_Serie_B_2026,,2026-09-10T14:51:00-03:00,MEDIUM
Brasileirão Série B,2026,20,2026-07-26,,Londrina,Novorizontino,1,4,,,Novorizontino,,,,,,,,,,,,,,,,,"Wikipedia (resultados por rodada, com links BeSoccer)",https://es.wikipedia.org/wiki/Campeonato_Brasile%C3%B1o_de_F%C3%BAtbol_Serie_B_2026,,2026-09-10T14:51:00-03:00,MEDIUM
Brasileirão Série B,2026,20,2026-07-27,19:30,Atlético-GO,Operário-PR,3,1,,,Atlético-GO,,,,,,,,,,,,,,,,,"Wikipedia (resultados por rodada, com links BeSoccer)",https://es.wikipedia.org/wiki/Campeonato_Brasile%C3%B1o_de_F%C3%BAtbol_Serie_B_2026,,2026-09-10T14:51:00-03:00,MEDIUM
Brasileirão Série B,2026,20,2026-07-27,,CRB,Vila Nova,2,0,,,CRB,,,,,,,,,,,,,,,,,"Wikipedia (resultados por rodada, com links BeSoccer)",https://es.wikipedia.org/wiki/Campeonato_Brasile%C3%B1o_de_F%C3%BAtbol_Serie_B_2026,,2026-09-10T14:51:00-03:00,MEDIUM
Brasileirão Série B,2026,20,2026-07-27,,Sport,Cuiabá,1,1,0,0,DRAW,53,75,17,10,3,3,0.65,0.63,,,,,,,68,32,"Wikipedia (resultados por rodada, com links BeSoccer)",https://es.wikipedia.org/wiki/Campeonato_Brasile%C3%B1o_de_F%C3%BAtbol_Serie_B_2026,,2026-09-10T14:51:00-03:00,MEDIUM
Brasileirão Série B,2026,20,2026-07-28,,Juventude,Avaí,1,0,,,Juventude,,,,,,,,,,,,,,,,,"Wikipedia (resultados por rodada, com links BeSoccer)",https://es.wikipedia.org/wiki/Campeonato_Brasile%C3%B1o_de_F%C3%BAtbol_Serie_B_2026,,2026-09-10T14:51:00-03:00,MEDIUM
Brasileirão Série B,2026,20,2026-07-28,,Ponte Preta,Athletic Club,1,1,,,DRAW,,,14,12,6,4,0.92,1.77,,,,,,,54,46,"Wikipedia (resultados por rodada, com links BeSoccer)",https://es.wikipedia.org/wiki/Campeonato_Brasile%C3%B1o_de_F%C3%BAtbol_Serie_B_2026,,2026-09-10T14:51:00-03:00,MEDIUM
Brasileirão Série B,2026,20,2026-07-28,21:35,Fortaleza,Botafogo-SP,1,0,,,Fortaleza,,,,,,,,,,,,,,,,,"Wikipedia (resultados por rodada, com links BeSoccer)",https://es.wikipedia.org/wiki/Campeonato_Brasile%C3%B1o_de_F%C3%BAtbol_Serie_B_2026,,2026-09-10T14:51:00-03:00,MEDIUM
Brasileirão Série B,2026,21,2026-08-07,19:30,Operário-PR,São Bernardo,1,3,,,São Bernardo,,,22,15,6,6,1.51,1.67,,,,,,,63,37,"Wikipedia (resultados por rodada, com links BeSoccer)",https://es.wikipedia.org/wiki/Campeonato_Brasile%C3%B1o_de_F%C3%BAtbol_Serie_B_2026,,2026-09-10T14:51:00-03:00,MEDIUM
Brasileirão Série B,2026,21,2026-08-07,20:30,Ceará,Ponte Preta,2,0,,,Ceará,,,,,,,,,,,,,,,,,"Wikipedia (resultados por rodada, com links BeSoccer)",https://es.wikipedia.org/wiki/Campeonato_Brasile%C3%B1o_de_F%C3%BAtbol_Serie_B_2026,,2026-09-10T14:51:00-03:00,MEDIUM
Brasileirão Série B,2026,21,2026-08-08,16:00,Vila Nova,Sport,0,1,,,Sport,,,,,,,,,,,,,,,,,"Wikipedia (resultados por rodada, com links BeSoccer)",https://es.wikipedia.org/wiki/Campeonato_Brasile%C3%B1o_de_F%C3%BAtbol_Serie_B_2026,,2026-09-10T14:51:00-03:00,MEDIUM
Brasileirão Série B,2026,21,2026-08-08,18:30,Botafogo-SP,América-MG,2,1,,,Botafogo-SP,,,,,,,,,,,,,,,,,"Wikipedia (resultados por rodada, com links BeSoccer)",https://es.wikipedia.org/wiki/Campeonato_Brasile%C3%B1o_de_F%C3%BAtbol_Serie_B_2026,,2026-09-10T14:51:00-03:00,MEDIUM
Brasileirão Série B,2026,21,2026-08-09,11:00,Athletic Club,Criciúma,2,0,,,Athletic Club,,,,,,,,,,,,,,,,,"Wikipedia (resultados por rodada, com links BeSoccer)",https://es.wikipedia.org/wiki/Campeonato_Brasile%C3%B1o_de_F%C3%BAtbol_Serie_B_2026,,2026-09-10T14:51:00-03:00,MEDIUM
Brasileirão Série B,2026,21,2026-08-09,16:00,Novorizontino,Juventude,0,1,,,Juventude,,,,,,,,,,,,,,,,,"Wikipedia (resultados por rodada, com links BeSoccer)",https://es.wikipedia.org/wiki/Campeonato_Brasile%C3%B1o_de_F%C3%BAtbol_Serie_B_2026,,2026-09-10T14:51:00-03:00,MEDIUM
Brasileirão Série B,2026,21,2026-08-09,,Náutico,Atlético-GO,1,1,,,DRAW,,,,,,,,,,,,,,,,,"Wikipedia (resultados por rodada, com links BeSoccer)",https://es.wikipedia.org/wiki/Campeonato_Brasile%C3%B1o_de_F%C3%BAtbol_Serie_B_2026,,2026-09-10T14:51:00-03:00,MEDIUM
Brasileirão Série B,2026,21,2026-08-09,18:00,Cuiabá,Fortaleza,1,1,,,DRAW,,,,,,,,,,,,,,,,,"Wikipedia (resultados por rodada, com links BeSoccer)",https://es.wikipedia.org/wiki/Campeonato_Brasile%C3%B1o_de_F%C3%BAtbol_Serie_B_2026,,2026-09-10T14:51:00-03:00,MEDIUM
Brasileirão Série B,2026,21,2026-08-10,19:30,Goiás,Londrina,1,0,1,0,Goiás,19,,14,16,5,4,1.34,0.78,,,,,,,55,45,"Wikipedia (resultados por rodada, com links BeSoccer)",https://es.wikipedia.org/wiki/Campeonato_Brasile%C3%B1o_de_F%C3%BAtbol_Serie_B_2026,,2026-09-10T14:51:00-03:00,MEDIUM
Brasileirão Série B,2026,21,2026-08-11,,Avaí,CRB,0,1,,,CRB,,,,,,,,,,,,,,,,,"Wikipedia (resultados por rodada, com links BeSoccer)",https://es.wikipedia.org/wiki/Campeonato_Brasile%C3%B1o_de_F%C3%BAtbol_Serie_B_2026,,2026-09-10T14:51:00-03:00,MEDIUM
Brasileirão Série B,2026,22,2026-08-14,19:00,São Bernardo,Botafogo-SP,0,1,,,Botafogo-SP,,,,,,,,,,,,,,,,,"Wikipedia (resultados por rodada, com links BeSoccer)",https://es.wikipedia.org/wiki/Campeonato_Brasile%C3%B1o_de_F%C3%BAtbol_Serie_B_2026,,2026-09-10T14:51:00-03:00,MEDIUM
Brasileirão Série B,2026,22,2026-08-14,19:30,Ponte Preta,Náutico,1,1,,,DRAW,,,,,,,,,,,,,,,,,"Wikipedia (resultados por rodada, com links BeSoccer)",https://es.wikipedia.org/wiki/Campeonato_Brasile%C3%B1o_de_F%C3%BAtbol_Serie_B_2026,,2026-09-10T14:51:00-03:00,MEDIUM
Brasileirão Série B,2026,22,2026-08-14,20:30,Sport,Londrina,2,1,,,Sport,,,,,,,,,,,,,,,,,"Wikipedia (resultados por rodada, com links BeSoccer)",https://es.wikipedia.org/wiki/Campeonato_Brasile%C3%B1o_de_F%C3%BAtbol_Serie_B_2026,,2026-09-10T14:51:00-03:00,MEDIUM
Brasileirão Série B,2026,22,2026-08-15,16:00,Atlético-GO,Vila Nova,0,2,,,Vila Nova,,,,,,,,,,,,,,,,,"Wikipedia (resultados por rodada, com links BeSoccer)",https://es.wikipedia.org/wiki/Campeonato_Brasile%C3%B1o_de_F%C3%BAtbol_Serie_B_2026,,2026-09-10T14:51:00-03:00,MEDIUM
Brasileirão Série B,2026,22,2026-08-15,,Criciúma,Goiás,1,0,,,Criciúma,,,,,,,,,,,,,,,,,"Wikipedia (resultados por rodada, com links BeSoccer)",https://es.wikipedia.org/wiki/Campeonato_Brasile%C3%B1o_de_F%C3%BAtbol_Serie_B_2026,,2026-09-10T14:51:00-03:00,MEDIUM
Brasileirão Série B,2026,22,2026-08-15,18:30,Ceará,Cuiabá,1,3,,,Cuiabá,,,,,,,,,,,,,,,,,"Wikipedia (resultados por rodada, com links BeSoccer)",https://es.wikipedia.org/wiki/Campeonato_Brasile%C3%B1o_de_F%C3%BAtbol_Serie_B_2026,,2026-09-10T14:51:00-03:00,MEDIUM
Brasileirão Série B,2026,22,2026-08-15,,Juventude,Fortaleza,0,0,,,DRAW,,,,,,,,,,,,,,,,,"Wikipedia (resultados por rodada, com links BeSoccer)",https://es.wikipedia.org/wiki/Campeonato_Brasile%C3%B1o_de_F%C3%BAtbol_Serie_B_2026,,2026-09-10T14:51:00-03:00,MEDIUM
Brasileirão Série B,2026,22,2026-08-16,11:00,Operário-PR,Avaí,1,2,,,Avaí,,,,,,,,,,,,,,,,,"Wikipedia (resultados por rodada, com links BeSoccer)",https://es.wikipedia.org/wiki/Campeonato_Brasile%C3%B1o_de_F%C3%BAtbol_Serie_B_2026,,2026-09-10T14:51:00-03:00,MEDIUM
Brasileirão Série B,2026,22,2026-08-16,18:30,América-MG,Athletic Club,1,3,,,Athletic Club,,,,,,,,,,,,,,,,,"Wikipedia (resultados por rodada, com links BeSoccer)",https://es.wikipedia.org/wiki/Campeonato_Brasile%C3%B1o_de_F%C3%BAtbol_Serie_B_2026,,2026-09-10T14:51:00-03:00,MEDIUM
Brasileirão Série B,2026,22,2026-08-16,,CRB,Novorizontino,0,0,,,DRAW,,,,,,,,,,,,,,,,,"Wikipedia (resultados por rodada, com links BeSoccer)",https://es.wikipedia.org/wiki/Campeonato_Brasile%C3%B1o_de_F%C3%BAtbol_Serie_B_2026,,2026-09-10T14:51:00-03:00,MEDIUM
Brasileirão Série B,2026,23,2026-08-18,19:30,Londrina,Atlético-GO,0,0,,,DRAW,,,,,,,,,,,,,,,,,"Wikipedia (resultados por rodada, com links BeSoccer)",https://es.wikipedia.org/wiki/Campeonato_Brasile%C3%B1o_de_F%C3%BAtbol_Serie_B_2026,,2026-09-10T14:51:00-03:00,MEDIUM
Brasileirão Série B,2026,23,2026-08-18,21:30,Náutico,Ceará,1,0,,,Náutico,,,,,,,,,,,,,,,,,"Wikipedia (resultados por rodada, com links BeSoccer)",https://es.wikipedia.org/wiki/Campeonato_Brasile%C3%B1o_de_F%C3%BAtbol_Serie_B_2026,,2026-09-10T14:51:00-03:00,MEDIUM
Brasileirão Série B,2026,23,2026-08-18,21:35,Goiás,Juventude,0,1,,,Juventude,,,,,,,,,,,,,,,,,"Wikipedia (resultados por rodada, com links BeSoccer)",https://es.wikipedia.org/wiki/Campeonato_Brasile%C3%B1o_de_F%C3%BAtbol_Serie_B_2026,,2026-09-10T14:51:00-03:00,MEDIUM
Brasileirão Série B,2026,23,2026-08-19,19:30,Avaí,Sport,2,1,,,Avaí,,,19,13,3,4,1.51,0.48,,,,,,,38,62,"Wikipedia (resultados por rodada, com links BeSoccer)",https://es.wikipedia.org/wiki/Campeonato_Brasile%C3%B1o_de_F%C3%BAtbol_Serie_B_2026,,2026-09-10T14:51:00-03:00,MEDIUM
Brasileirão Série B,2026,23,2026-08-19,,Fortaleza,São Bernardo,1,1,1,1,DRAW,32,43,24,14,5,5,2.11,0.93,,,,,,,51,49,"Wikipedia (resultados por rodada, com links BeSoccer)",https://es.wikipedia.org/wiki/Campeonato_Brasile%C3%B1o_de_F%C3%BAtbol_Serie_B_2026,,2026-09-10T14:51:00-03:00,MEDIUM
Brasileirão Série B,2026,23,2026-08-19,20:30,Cuiabá,Operário-PR,1,0,,,Cuiabá,,,,,,,,,,,,,,,,,"Wikipedia (resultados por rodada, com links BeSoccer)",https://es.wikipedia.org/wiki/Campeonato_Brasile%C3%B1o_de_F%C3%BAtbol_Serie_B_2026,,2026-09-10T14:51:00-03:00,MEDIUM
Brasileirão Série B,2026,23,2026-08-19,,Vila Nova,Ponte Preta,6,0,,,Vila Nova,,,25,4,15,2,3.74,0.31,,,,,,,64,36,"Wikipedia (resultados por rodada, com links BeSoccer)",https://es.wikipedia.org/wiki/Campeonato_Brasile%C3%B1o_de_F%C3%BAtbol_Serie_B_2026,,2026-09-10T14:51:00-03:00,MEDIUM
Brasileirão Série B,2026,23,2026-08-19,21:30,Botafogo-SP,Criciúma,1,1,,,DRAW,,,,,,,,,,,,,,,,,"Wikipedia (resultados por rodada, com links BeSoccer)",https://es.wikipedia.org/wiki/Campeonato_Brasile%C3%B1o_de_F%C3%BAtbol_Serie_B_2026,,2026-09-10T14:51:00-03:00,MEDIUM
Brasileirão Série B,2026,23,2026-08-20,19:30,Athletic Club,CRB,0,2,,,CRB,,,,,,,,,,,,,,,,,"Wikipedia (resultados por rodada, com links BeSoccer)",https://es.wikipedia.org/wiki/Campeonato_Brasile%C3%B1o_de_F%C3%BAtbol_Serie_B_2026,,2026-09-10T14:51:00-03:00,MEDIUM
Brasileirão Série B,2026,23,2026-08-20,20:30,Novorizontino,América-MG,3,0,,,Novorizontino,,,,,,,,,,,,,,,,,"Wikipedia (resultados por rodada, com links BeSoccer)",https://es.wikipedia.org/wiki/Campeonato_Brasile%C3%B1o_de_F%C3%BAtbol_Serie_B_2026,,2026-09-10T14:51:00-03:00,MEDIUM
Brasileirão Série B,2026,24,2026-08-22,18:00,Ceará,Londrina,2,1,,,Ceará,,,13,12,5,4,0.65,1.24,,,,,,,49,51,"Wikipedia (resultados por rodada, com links BeSoccer)",https://es.wikipedia.org/wiki/Campeonato_Brasile%C3%B1o_de_F%C3%BAtbol_Serie_B_2026,,2026-09-10T14:51:00-03:00,MEDIUM
Brasileirão Série B,2026,24,2026-08-22,18:30,Cuiabá,Goiás,1,1,,,DRAW,,,26,5,7,2,2.34,0.46,,,,,,,55,45,"Wikipedia (resultados por rodada, com links BeSoccer)",https://es.wikipedia.org/wiki/Campeonato_Brasile%C3%B1o_de_F%C3%BAtbol_Serie_B_2026,,2026-09-10T14:51:00-03:00,MEDIUM
Brasileirão Série B,2026,24,2026-08-23,16:00,Ponte Preta,Avaí,0,2,,,Avaí,,,11,16,2,4,0.43,1.63,,,,,,,62,38,"Wikipedia (resultados por rodada, com links BeSoccer)",https://es.wikipedia.org/wiki/Campeonato_Brasile%C3%B1o_de_F%C3%BAtbol_Serie_B_2026,,2026-09-10T14:51:00-03:00,MEDIUM
Brasileirão Série B,2026,24,2026-08-23,,São Bernardo,Náutico,1,1,,,DRAW,,,,,,,,,,,,,,,,,"Wikipedia (resultados por rodada, com links BeSoccer)",https://es.wikipedia.org/wiki/Campeonato_Brasile%C3%B1o_de_F%C3%BAtbol_Serie_B_2026,,2026-09-10T14:51:00-03:00,MEDIUM
Brasileirão Série B,2026,24,2026-08-23,18:00,Operário-PR,Vila Nova,0,0,,,DRAW,,,,,,,,,,,,,,,,,"Wikipedia (resultados por rodada, com links BeSoccer)",https://es.wikipedia.org/wiki/Campeonato_Brasile%C3%B1o_de_F%C3%BAtbol_Serie_B_2026,,2026-09-10T14:51:00-03:00,MEDIUM
Brasileirão Série B,2026,24,2026-08-23,18:30,Criciúma,Fortaleza,0,2,,,Fortaleza,,,19,10,6,5,0.82,1.21,,,,,,,73,27,"Wikipedia (resultados por rodada, com links BeSoccer)",https://es.wikipedia.org/wiki/Campeonato_Brasile%C3%B1o_de_F%C3%BAtbol_Serie_B_2026,,2026-09-10T14:51:00-03:00,MEDIUM
Brasileirão Série B,2026,24,2026-08-24,19:30,Athletic Club,Novorizontino,1,4,,,Novorizontino,,,10,16,1,8,1.51,2.63,,,,,,,45,55,"Wikipedia (resultados por rodada, com links BeSoccer)",https://es.wikipedia.org/wiki/Campeonato_Brasile%C3%B1o_de_F%C3%BAtbol_Serie_B_2026,,2026-09-10T14:51:00-03:00,MEDIUM
Brasileirão Série B,2026,24,2026-08-24,,Sport,América-MG,3,0,,,Sport,,,,,,,,,,,,,,,,,"Wikipedia (resultados por rodada, com links BeSoccer)",https://es.wikipedia.org/wiki/Campeonato_Brasile%C3%B1o_de_F%C3%BAtbol_Serie_B_2026,,2026-09-10T14:51:00-03:00,MEDIUM
Brasileirão Série B,2026,24,2026-08-25,,Atlético-GO,Botafogo-SP,3,0,,,Atlético-GO,,,,,,,,,,,,,,,,,"Wikipedia (resultados por rodada, com links BeSoccer)",https://es.wikipedia.org/wiki/Campeonato_Brasile%C3%B1o_de_F%C3%BAtbol_Serie_B_2026,,2026-09-10T14:51:00-03:00,MEDIUM
Brasileirão Série B,2026,24,2026-08-25,,Juventude,CRB,2,1,,,Juventude,,,,,,,,,,,,,,,,,"Wikipedia (resultados por rodada, com links BeSoccer)",https://es.wikipedia.org/wiki/Campeonato_Brasile%C3%B1o_de_F%C3%BAtbol_Serie_B_2026,,2026-09-10T14:51:00-03:00,MEDIUM
Brasileirão Série B,2026,25,2026-08-28,19:30,Goiás,São Bernardo,2,1,,,Goiás,,,14,11,4,4,1.02,1.07,,,,,,,41,59,"Wikipedia (resultados por rodada, com links BeSoccer)",https://es.wikipedia.org/wiki/Campeonato_Brasile%C3%B1o_de_F%C3%BAtbol_Serie_B_2026,,2026-09-10T14:51:00-03:00,MEDIUM
Brasileirão Série B,2026,25,2026-08-28,20:30,Novorizontino,Sport,2,1,,,Novorizontino,,,24,13,9,1,1.46,0.92,,,,,,,41,59,"Wikipedia (resultados por rodada, com links BeSoccer)",https://es.wikipedia.org/wiki/Campeonato_Brasile%C3%B1o_de_F%C3%BAtbol_Serie_B_2026,,2026-09-10T14:51:00-03:00,MEDIUM
Brasileirão Série B,2026,25,2026-08-28,,Náutico,Athletic Club,2,1,,,Náutico,,,,,,,,,,,,,,,,,"Wikipedia (resultados por rodada, com links BeSoccer)",https://es.wikipedia.org/wiki/Campeonato_Brasile%C3%B1o_de_F%C3%BAtbol_Serie_B_2026,,2026-09-10T14:51:00-03:00,MEDIUM
Brasileirão Série B,2026,25,2026-08-29,18:30,Botafogo-SP,Cuiabá,1,2,,,Cuiabá,,,,,,,,,,,,,,,,,"Wikipedia (resultados por rodada, com links BeSoccer)",https://es.wikipedia.org/wiki/Campeonato_Brasile%C3%B1o_de_F%C3%BAtbol_Serie_B_2026,,2026-09-10T14:51:00-03:00,MEDIUM
Brasileirão Série B,2026,25,2026-08-30,11:00,Avaí,Atlético-GO,0,1,,,Atlético-GO,,,,,,,,,,,,,,,,,"Wikipedia (resultados por rodada, com links BeSoccer)",https://es.wikipedia.org/wiki/Campeonato_Brasile%C3%B1o_de_F%C3%BAtbol_Serie_B_2026,,2026-09-10T14:51:00-03:00,MEDIUM
Brasileirão Série B,2026,25,2026-08-30,16:00,América-MG,Ponte Preta,2,0,,,América-MG,,,,,,,,,,,,,,,,,"Wikipedia (resultados por rodada, com links BeSoccer)",https://es.wikipedia.org/wiki/Campeonato_Brasile%C3%B1o_de_F%C3%BAtbol_Serie_B_2026,,2026-09-10T14:51:00-03:00,MEDIUM
Brasileirão Série B,2026,25,2026-08-30,18:00,CRB,Criciúma,2,1,,,CRB,,,,,,,,,,,,,,,,,"Wikipedia (resultados por rodada, com links BeSoccer)",https://es.wikipedia.org/wiki/Campeonato_Brasile%C3%B1o_de_F%C3%BAtbol_Serie_B_2026,,2026-09-10T14:51:00-03:00,MEDIUM
Brasileirão Série B,2026,25,2026-08-30,18:30,Vila Nova,Ceará,2,0,,,Vila Nova,,,,,,,,,,,,,,,,,"Wikipedia (resultados por rodada, com links BeSoccer)",https://es.wikipedia.org/wiki/Campeonato_Brasile%C3%B1o_de_F%C3%BAtbol_Serie_B_2026,,2026-09-10T14:51:00-03:00,MEDIUM
Brasileirão Série B,2026,25,2026-08-31,19:30,Fortaleza,Operário-PR,1,1,1,1,DRAW,30,33,31,9,7,4,2.49,0.85,,,,,,,60,40,"Wikipedia (resultados por rodada, com links BeSoccer)",https://es.wikipedia.org/wiki/Campeonato_Brasile%C3%B1o_de_F%C3%BAtbol_Serie_B_2026,,2026-09-10T14:51:00-03:00,MEDIUM
Brasileirão Série B,2026,25,2026-09-01,,Londrina,Juventude,0,0,,,DRAW,,,,,,,,,,,,,,,,,"Wikipedia (resultados por rodada, com links BeSoccer)",https://es.wikipedia.org/wiki/Campeonato_Brasile%C3%B1o_de_F%C3%BAtbol_Serie_B_2026,,2026-09-10T14:51:00-03:00,MEDIUM
Brasileirão Série B,2026,26,2026-09-03,20:00,Náutico,Botafogo-SP,1,0,,,Náutico,,,,,,,,,,,,,,,,,"Wikipedia (resultados por rodada, com links BeSoccer)",https://es.wikipedia.org/wiki/Campeonato_Brasile%C3%B1o_de_F%C3%BAtbol_Serie_B_2026,,2026-09-10T14:51:00-03:00,MEDIUM
Brasileirão Série B,2026,26,2026-09-04,19:30,Criciúma,Cuiabá,2,0,,,Criciúma,,,,,,,,,,,,,,,,,"Wikipedia (resultados por rodada, com links BeSoccer)",https://es.wikipedia.org/wiki/Campeonato_Brasile%C3%B1o_de_F%C3%BAtbol_Serie_B_2026,,2026-09-10T14:51:00-03:00,MEDIUM
Brasileirão Série B,2026,26,2026-09-04,20:30,Athletic Club,Vila Nova,5,0,,,Athletic Club,,,,,,,,,,,,,,,,,"Wikipedia (resultados por rodada, com links BeSoccer)",https://es.wikipedia.org/wiki/Campeonato_Brasile%C3%B1o_de_F%C3%BAtbol_Serie_B_2026,,2026-09-10T14:51:00-03:00,MEDIUM
Brasileirão Série B,2026,26,2026-09-04,21:30,CRB,América-MG,3,1,,,CRB,,,,,,,,,,,,,,,,,"Wikipedia (resultados por rodada, com links BeSoccer)",https://es.wikipedia.org/wiki/Campeonato_Brasile%C3%B1o_de_F%C3%BAtbol_Serie_B_2026,,2026-09-10T14:51:00-03:00,MEDIUM
Brasileirão Série B,2026,26,2026-09-05,16:00,Goiás,Fortaleza,0,1,,,Fortaleza,,,,,,,,,,,,,,,,,"Wikipedia (resultados por rodada, com links BeSoccer)",https://es.wikipedia.org/wiki/Campeonato_Brasile%C3%B1o_de_F%C3%BAtbol_Serie_B_2026,,2026-09-10T14:51:00-03:00,MEDIUM
Brasileirão Série B,2026,26,2026-09-05,,Novorizontino,Avaí,3,1,,,Novorizontino,,,,,,,,,,,,,,,,,"Wikipedia (resultados por rodada, com links BeSoccer)",https://es.wikipedia.org/wiki/Campeonato_Brasile%C3%B1o_de_F%C3%BAtbol_Serie_B_2026,,2026-09-10T14:51:00-03:00,MEDIUM
Brasileirão Série B,2026,26,2026-09-05,18:00,Juventude,Atlético-GO,2,2,,,DRAW,,,,,,,,,,,,,,,,,"Wikipedia (resultados por rodada, com links BeSoccer)",https://es.wikipedia.org/wiki/Campeonato_Brasile%C3%B1o_de_F%C3%BAtbol_Serie_B_2026,,2026-09-10T14:51:00-03:00,MEDIUM
Brasileirão Série B,2026,26,2026-09-05,18:30,Ceará,Sport,2,1,,,Ceará,,,,,,,,,,,,,,,,,"Wikipedia (resultados por rodada, com links BeSoccer)",https://es.wikipedia.org/wiki/Campeonato_Brasile%C3%B1o_de_F%C3%BAtbol_Serie_B_2026,,2026-09-10T14:51:00-03:00,MEDIUM
Brasileirão Série B,2026,26,2026-09-06,11:00,Londrina,Operário-PR,1,2,,,Operário-PR,,,,,,,,,,,,,,,,,"Wikipedia (resultados por rodada, com links BeSoccer)",https://es.wikipedia.org/wiki/Campeonato_Brasile%C3%B1o_de_F%C3%BAtbol_Serie_B_2026,,2026-09-10T14:51:00-03:00,MEDIUM
Brasileirão Série B,2026,26,2026-09-06,18:30,Ponte Preta,São Bernardo,0,2,0,1,São Bernardo,,45|79,10,14,2,6,0.66,1.21,,,,,,,49,51,"Wikipedia (resultados por rodada, com links BeSoccer)",https://es.wikipedia.org/wiki/Campeonato_Brasile%C3%B1o_de_F%C3%BAtbol_Serie_B_2026,,2026-09-10T14:51:00-03:00,MEDIUM
Brasileirão Série B,2026,27,2026-09-08,20:30,Cuiabá,Athletic Club,3,0,,,Cuiabá,,,,,,,,,,,,,,,,,GP1 / Super Placar (resultados atuais) + CBF (programação da rodada),https://www.gp1.com.br/tabelas/campeonato-brasileiro-b/,https://www.cbf.com.br/futebol-brasileiro/noticias/campeonato-brasileiro-serie-b/a/serie-b-27-rodada-comeca-com-confronto-direto-pela-lideranca,2026-09-10T14:51:00-03:00,MEDIUM
Brasileirão Série B,2026,27,2026-09-08,21:00,Criciúma,Juventude,0,2,,,Juventude,,,,,,,,,,,,,,,,,GP1 / Super Placar (resultados atuais) + CBF (programação da rodada),https://www.gp1.com.br/tabelas/campeonato-brasileiro-b/,https://www.cbf.com.br/futebol-brasileiro/noticias/campeonato-brasileiro-serie-b/a/serie-b-27-rodada-comeca-com-confronto-direto-pela-lideranca,2026-09-10T14:51:00-03:00,MEDIUM
Brasileirão Série B,2026,27,2026-09-09,19:30,Botafogo-SP,Novorizontino,1,3,,,Novorizontino,,,,,,,,,,,,,,,,,GP1 / Super Placar (resultados atuais) + CBF (programação da rodada),https://www.gp1.com.br/tabelas/campeonato-brasileiro-b/,https://www.cbf.com.br/futebol-brasileiro/noticias/campeonato-brasileiro-serie-b/a/serie-b-27-rodada-comeca-com-confronto-direto-pela-lideranca,2026-09-10T14:51:00-03:00,MEDIUM
Brasileirão Série B,2026,27,2026-09-09,19:30,Fortaleza,Avaí,1,0,,,Fortaleza,,,,,,,,,,,,,,,,,GP1 / Super Placar (resultados atuais) + CBF (programação da rodada),https://www.gp1.com.br/tabelas/campeonato-brasileiro-b/,https://www.cbf.com.br/futebol-brasileiro/noticias/campeonato-brasileiro-serie-b/a/serie-b-27-rodada-comeca-com-confronto-direto-pela-lideranca,2026-09-10T14:51:00-03:00,MEDIUM
Brasileirão Série B,2026,27,2026-09-09,20:30,América-MG,Náutico,2,1,,,América-MG,,,,,,,,,,,,,,,,,GP1 / Super Placar (resultados atuais) + CBF (programação da rodada),https://www.gp1.com.br/tabelas/campeonato-brasileiro-b/,https://www.cbf.com.br/futebol-brasileiro/noticias/campeonato-brasileiro-serie-b/a/serie-b-27-rodada-comeca-com-confronto-direto-pela-lideranca,2026-09-10T14:51:00-03:00,MEDIUM
Brasileirão Série B,2026,27,2026-09-09,20:30,Operário-PR,CRB,3,0,,,Operário-PR,,,,,,,,,,,,,,,,,GP1 / Super Placar (resultados atuais) + CBF (programação da rodada),https://www.gp1.com.br/tabelas/campeonato-brasileiro-b/,https://www.cbf.com.br/futebol-brasileiro/noticias/campeonato-brasileiro-serie-b/a/serie-b-27-rodada-comeca-com-confronto-direto-pela-lideranca,2026-09-10T14:51:00-03:00,MEDIUM
Brasileirão Série B,2026,27,2026-09-09,21:30,Atlético-GO,Ceará,2,1,,,Atlético-GO,,,,,,,,,,,,,,,,,GP1 / Super Placar (resultados atuais) + CBF (programação da rodada),https://www.gp1.com.br/tabelas/campeonato-brasileiro-b/,https://www.cbf.com.br/futebol-brasileiro/noticias/campeonato-brasileiro-serie-b/a/serie-b-27-rodada-comeca-com-confronto-direto-pela-lideranca,2026-09-10T14:51:00-03:00,MEDIUM
